,Year,Historical,2000,2001,2002,2003,2004,2005,2006,2007,2008,2009,2010,2011,2012,2013,2014,2015,2016,2017,2018,2019,2020,2021,2022,2023,2024,2025,2026
150,1900,6.053521,,,,,,,,,,,,,,,,,,,,,,,,,,,
151,1901,6.226142,,,,,,,,,,,,,,,,,,,,,,,,,,,
152,1902,6.343285,,,,,,,,,,,,,,,,,,,,,,,,,,,
153,1903,6.592015,,,,,,,,,,,,,,,,,,,,,,,,,,,
154,1904,6.667272,,,,,,,,,,,,,,,,,,,,,,,,,,,
155,1905,6.854429,,,,,,,,,,,,,,,,,,,,,,,,,,,
156,1906,7.003637,,,,,,,,,,,,,,,,,,,,,,,,,,,
157,1907,7.376654,,,,,,,,,,,,,,,,,,,,,,,,,,,
158,1908,7.275637,,,,,,,,,,,,,,,,,,,,,,,,,,,
159,1909,7.421955,,,,,,,,,,,,,,,,,,,,,,,,,,,
160,1910,7.476471,,,,,,,,,,,,,,,,,,,,,,,,,,,
161,1911,7.507427,,,,,,,,,,,,,,,,,,,,,,,,,,,
162,1912,7.612327,,,,,,,,,,,,,,,,,,,,,,,,,,,
163,1913,7.8529,,,,,,,,,,,,,,,,,,,,,,,,,,,
164,1914,7.455626,,,,,,,,,,,,,,,,,,,,,,,,,,,
165,1915,7.374724,,,,,,,,,,,,,,,,,,,,,,,,,,,
166,1916,7.590376,,,,,,,,,,,,,,,,,,,,,,,,,,,
167,1917,7.728275,,,,,,,,,,,,,,,,,,,,,,,,,,,
168,1918,7.676414,,,,,,,,,,,,,,,,,,,,,,,,,,,
169,1919,7.213321,,,,,,,,,,,,,,,,,,,,,,,,,,,
170,1920,7.894786,,,,,,,,,,,,,,,,,,,,,,,,,,,
171,1921,7.572951,,,,,,,,,,,,,,,,,,,,,,,,,,,
172,1922,7.80874,,,,,,,,,,,,,,,,,,,,,,,,,,,
173,1923,8.28299,,,,,,,,,,,,,,,,,,,,,,,,,,,
174,1924,8.32959,,,,,,,,,,,,,,,,,,,,,,,,,,,
175,1925,8.380347,,,,,,,,,,,,,,,,,,,,,,,,,,,
176,1926,8.338774,,,,,,,,,,,,,,,,,,,,,,,,,,,
177,1927,8.694155,,,,,,,,,,,,,,,,,,,,,,,,,,,
178,1928,8.71109,,,,,,,,,,,,,,,,,,,,,,,,,,,
179,1929,9.003256,,,,,,,,,,,,,,,,,,,,,,,,,,,
180,1930,8.907413,,,,,,,,,,,,,,,,,,,,,,,,,,,
181,1931,8.634591,,,,,,,,,,,,,,,,,,,,,,,,,,,
182,1932,8.374579,,,,,,,,,,,,,,,,,,,,,,,,,,,
183,1933,8.645301,,,,,,,,,,,,,,,,,,,,,,,,,,,
184,1934,9.012561,,,,,,,,,,,,,,,,,,,,,,,,,,,
185,1935,9.261991,,,,,,,,,,,,,,,,,,,,,,,,,,,
186,1936,9.704859,,,,,,,,,,,,,,,,,,,,,,,,,,,
187,1937,10.041638,,,,,,,,,,,,,,,,,,,,,,,,,,,
188,1938,9.809198,,,,,,,,,,,,,,,,,,,,,,,,,,,
189,1939,10.057065,,,,,,,,,,,,,,,,,,,,,,,,,,,
190,1940,10.556952,,,,,,,,,,,,,,,,,,,,,,,,,,,
191,1941,10.763668,,,,,,,,,,,,,,,,,,,,,,,,,,,
192,1942,10.761571,,,,,,,,,,,,,,,,,,,,,,,,,,,
193,1943,10.91023,,,,,,,,,,,,,,,,,,,,,,,,,,,
194,1944,10.837807,,,,,,,,,,,,,,,,,,,,,,,,,,,
195,1945,9.948428,,,,,,,,,,,,,,,,,,,,,,,,,,,
196,1946,10.310254,,,,,,,,,,,,,,,,,,,,,,,,,,,
197,1947,10.776959,,,,,,,,,,,,,,,,,,,,,,,,,,,
198,1948,10.986812,,,,,,,,,,,,,,,,,,,,,,,,,,,
199,1949,10.633052,,,,,,,,,,,,,,,,,,,,,,,,,,,
200,1950,11.595248,,,,,,,,,,,,,,,,,,,,,,,,,,,
201,1951,12.234673,,,,,,,,,,,,,,,,,,,,,,,,,,,
202,1952,12.391385,,,,,,,,,,,,,,,,,,,,,,,,,,,
203,1953,12.673365,,,,,,,,,,,,,,,,,,,,,,,,,,,
204,1954,12.922786,,,,,,,,,,,,,,,,,,,,,,,,,,,
205,1955,13.665104,,,,,,,,,,,,,,,,,,,,,,,,,,,
206,1956,14.263379,,,,,,,,,,,,,,,,,,,,,,,,,,,
207,1957,14.624423,,,,,,,,,,,,,,,,,,,,,,,,,,,
208,1958,14.969281,,,,,,,,,,,,,,,,,,,,,,,,,,,
209,1959,15.489944,,,,,,,,,,,,,,,,,,,,,,,,,,,
210,1960,15.397863,,,,,,,,,,,,,,,,,,,,,,,,,,,
211,1961,15.135483,,,,,,,,,,,,,,,,,,,,,,,,,,,
212,1962,15.291398,,,,,,,,,,,,,,,,,,,,,,,,,,,
213,1963,15.624988,,,,,,,,,,,,,,,,,,,,,,,,,,,
214,1964,15.963017,,,,,,,,,,,,,,,,,,,,,,,,,,,
215,1965,16.275062,,,,,,,,,,,,,,,,,,,,,,,,,,,
216,1966,16.636826,,,,,,,,,,,,,,,,,,,,,,,,,,,
217,1967,16.929388,,,,,,,,,,,,,,,,,,,,,,,,,,,
218,1968,17.575583,,,,,,,,,,,,,,,,,,,,,,,,,,,
219,1969,18.451945,,,,,,,,,,,,,,,,,,,,,,,,,,,
220,1970,19.499624,,,,,,,,,,,,,,,,,,,,,,,,,,,
221,1971,20.008593,,,,,,,,,,,,,,,,,,,,,,,,,,,
222,1972,20.614542,,,,,,,,,,,,,,,,,,,,,,,,,,,
223,1973,21.38644,,,,,,,,,,,,,,,,,,,,,,,,,,,
224,1974,21.187664,,,,,,,,,,,,,,,,,,,,,,,,,,,
225,1975,21.082867,,,,,,,,,,,,,,,,,,,,,,,,,,,
226,1976,21.926295,,,,,,,,,,,,,,,,,,,,,,,,,,,
227,1977,22.348884,,,,,,,,,,,,,,,,,,,,,,,,,,,
228,1978,22.883543,,,,,,,,,,,,,,,,,,,,,,,,,,,
229,1979,23.289643,,,,,,,,,,,,,,,,,,,,,,,,,,,
230,1980,23.366101,,,,,,,,,,,,,,,,,,,,,,,,,,,
231,1981,22.902114,,,,,,,,,,,,,,,,,,,,,,,,,,,
232,1982,22.818449,,,,,,,,,,,,,,,,,,,,,,,,,,,
233,1983,23.152292,,,,,,,,,,,,,,,,,,,,,,,,,,,
234,1984,23.84256,,,,,,,,,,,,,,,,,,,,,,,,,,,
235,1985,24.608135,,,,,,,,,,,,,,,,,,,,,,,,,,,
236,1986,25.025178,,,,,,,,,,,,,,,,,,,,,,,,,,,
237,1987,25.824408,,,,,,,,,,,,,,,,,,,,,,,,,,,
238,1988,26.692503,,,,,,,,,,,,,,,,,,,,,,,,,,,
239,1989,27.120986,,,,,,,,,,,,,,,,,,,,,,,,,,,
240,1990,27.510791,,,,,,,,,,,,,,,,,,,,,,,,,,,
241,1991,27.978436,,,,,,,,,,,,,,,,,,,,,,,,,,,
242,1992,27.285318,,,,,,,,,,,,,,,,,,,,,,,,,,,
243,1993,27.526963,,,,,,,,,,,,,,,,,,,,,,,,,,,
244,1994,27.666012,,,,,,,,,,,,,,,,,,,,,,,,,,,
245,1995,28.105649,,,,,,,,,,,,,,,,,,,,,,,,,,,
246,1996,28.738025,,,,,,,,,,,,,,,,,,,,,,,,,,,
247,1997,30.6064,,,,,,,,,,,,,,,,,,,,,,,,,,,
248,1998,28.500499,,,,,,,,,,,,,,,,,,,,,,,,,,,
249,1999,28.711909,,,,,,,,,,,,,,,,,,,,,,,,,,,
250,2000,30.068131,30.068131,,,,,,,,,,,,,,,,,,,,,,,,,,
251,2001,30.025266,30.227772,30.025266,,,,,,,,,,,,,,,,,,,,,,,,,
252,2002,31.271594,30.264006,30.111045,31.271594,,,,,,,,,,,,,,,,,,,,,,,,
253,2003,32.735702,30.190834,30.080755,31.462664,32.735702,,,,,,,,,,,,,,,,,,,,,,,
254,2004,33.862726,30.021034,29.947879,31.496075,33.454357,33.862726,,,,,,,,,,,,,,,,,,,,,,
255,2005,34.412602,29.766258,29.724707,31.391561,33.868868,34.735992,34.412602,,,,,,,,,,,,,,,,,,,,,
256,2006,35.569639,29.437119,29.422433,31.166955,34.021762,35.229175,35.25043,35.569639,,,,,,,,,,,,,,,,,,,,
257,2007,35.809665,29.043275,29.051238,30.838349,33.950829,35.399506,35.684369,36.487374,35.809665,,,,,,,,,,,,,,,,,,,
258,2008,36.752056,28.593502,28.620373,30.420249,33.689591,35.297323,35.778149,36.92624,36.516772,36.752056,,,,,,,,,,,,,,,,,,
259,2009,37.043836,28.095766,28.138234,29.925712,33.267737,34.966818,35.587487,36.967418,36.768466,37.302983,37.043836,,,,,,,,,,,,,,,,,
260,2010,38.224529,27.55729,27.61243,29.366475,32.711517,34.446715,35.160996,36.681127,36.644693,37.384401,37.461875,38.224529,,,,,,,,,,,,,,,,
261,2011,39.188828,26.98461,27.049848,28.753068,32.044093,33.770871,34.540997,36.12796,36.214339,37.083893,37.40391,38.634765,39.188828,,,,,,,,,,,,,,,
262,2012,40.17197,26.383632,26.45671,28.094925,31.285859,32.968823,33.764246,35.36007,35.536607,36.476304,36.963244,38.485552,39.577649,40.17197,,,,,,,,,,,,,,
263,2013,40.523658,25.759686,25.838628,27.400478,30.454729,32.066267,32.862581,34.422212,34.662233,35.625397,36.219043,37.895748,39.317498,40.61589,40.523658,,,,,,,,,,,,,
264,2014,41.303966,25.117572,25.200657,26.677254,29.5664,31.085496,31.863497,33.352673,33.634562,34.58532,35.238253,36.964747,38.5575,40.26817,40.873083,41.303966,,,,,,,,,,,,
265,2015,41.48036,24.461603,24.547338,25.93195,28.634585,30.045788,30.790663,32.184083,32.490489,33.401884,34.077276,35.775337,37.420458,39.326786,40.353102,41.564609,41.48036,,,,,,,,,,,
266,2016,41.012741,23.795645,23.882745,25.170514,27.671227,28.963753,29.664372,30.944142,31.261295,32.11368,32.78343,34.396153,36.007008,37.951665,39.197187,40.824308,41.499874,41.012741,,,,,,,,,,
267,2017,41.193001,23.123159,23.21052,24.398212,26.686688,27.853644,28.501957,29.65625,29.973379,30.753063,31.396216,32.8838,34.399157,36.271224,37.590905,39.376497,40.465933,40.741187,41.193001,,,,,,,,,
268,2018,42.101177,22.447231,22.533912,23.619693,25.689923,26.727634,27.318145,28.340071,28.648899,29.347006,29.948429,31.284676,32.663294,34.387855,35.680696,37.44925,38.712817,39.417612,40.641233,42.101177,,,,,,,,
269,2019,42.332384,21.770606,21.855814,22.839046,24.688637,25.596065,26.125382,27.012024,27.306345,27.917852,28.467113,29.636536,30.852749,32.382521,33.581144,35.218263,36.495174,37.400784,38.952929,41.345533,42.332384,,,,,,,
270,2020,,21.095716,21.178788,22.059853,23.689419,24.467666,24.934117,25.685717,25.961031,26.483963,26.974401,27.969839,29.009961,30.318586,31.38098,32.817414,34.004884,34.959011,36.555213,39.182281,41.332479,42.332384,,,,,,
271,2021,,20.424711,20.505097,21.285238,22.697874,23.349752,23.753054,24.372328,24.625529,25.060291,25.488236,26.308898,27.168314,28.245026,29.148036,30.347345,31.384581,32.290348,33.758251,36.209919,38.64151,41.04241,42.332384,,,,,
272,2022,,19.759479,19.836734,20.517914,21.718731,22.248396,22.589377,23.080939,23.310057,23.658875,24.022996,24.672871,25.353697,26.199092,26.93333,27.882403,28.738452,29.538568,30.78352,32.842791,35.070615,37.693741,40.577366,42.332384,,,,
273,2023,,19.101674,19.175442,19.760218,20.755946,21.16859,21.448948,21.818829,22.022806,22.289266,22.590041,23.076604,23.585812,24.208529,24.774413,25.476254,26.14086,26.805773,27.785691,29.361023,31.151631,33.411095,36.303593,39.757138,42.332384,,,
274,2024,,18.452733,18.522736,19.014154,19.812795,20.114379,20.336482,20.591735,20.770236,20.958908,21.198178,21.531348,21.879284,22.293418,22.698115,23.166403,23.643188,24.162294,24.869501,25.947808,27.221698,28.881742,31.112767,34.154473,38.408695,42.332384,,
275,2025,,17.813898,17.879931,18.281422,18.891953,19.088984,19.255701,19.404068,19.557332,19.673458,19.854066,20.045376,20.244588,20.467695,20.722793,20.977829,21.279262,21.654452,22.102726,22.717111,23.483926,24.504895,25.891383,27.842465,30.868451,35.981534,42.332384,
276,2026,,17.186234,17.248151,17.563452,17.995565,18.094915,18.209472,18.259118,18.387818,18.437067,18.562565,18.624504,18.688833,18.740409,18.860157,18.925893,19.06964,19.310619,19.526089,19.734139,20.050628,20.493491,21.090285,21.925596,23.225635,25.543915,30.556141,42.332384
277,2027,,16.570646,16.628353,16.861432,17.125316,17.134061,17.199927,17.159221,17.264362,17.252625,17.327032,17.272532,17.216414,17.116755,17.116757,17.018649,17.024967,17.145915,17.160807,17.030375,16.973887,16.942913,16.902383,16.847797,16.764504,16.622347,16.334836,15.452112
278,2028,,15.967893,16.021343,16.176331,16.282489,16.207782,16.228568,16.105907,16.188733,16.121967,16.149584,15.991623,15.829557,15.598923,15.495184,15.258693,15.148612,15.165843,15.014294,14.614528,14.266962,13.876853,13.374059,12.711116,11.760013,10.273821,7.738021,3.006805
279,2029,,15.378601,15.427788,15.508925,15.468011,15.31698,15.296362,15.100031,15.161953,15.046056,15.031313,14.782614,14.528777,14.186788,13.995039,13.64461,13.438708,13.369078,13.084444,12.480436,11.919118,11.277491,10.473725,9.454997,8.079101,6.137236,3.432257,0.488679
280,2030,,14.803279,14.84823,14.859815,14.682508,14.462168,14.40382,14.141886,14.184421,14.025137,13.972473,13.645286,13.313249,12.878478,12.613712,12.172117,11.88973,11.749594,11.362819,10.612714,9.905747,9.104991,8.132997,6.953793,5.462703,3.578423,1.460608,0.072801
281,2031,,14.242329,14.2831,14.229452,13.92634,13.643528,13.551072,13.2313,13.256021,13.058869,12.972646,12.578588,12.181124,11.670825,11.346996,10.834951,10.493708,10.298268,9.836995,8.990722,8.195149,7.309788,6.270597,5.067189,3.6476,2.049005,0.604088,0.010301
282,2032,,13.696057,13.732727,13.618148,13.19964,12.860961,12.737924,12.36772,12.376218,12.146439,12.03087,11.580821,11.129783,10.559737,10.189579,9.625559,9.241143,9.004085,8.492273,7.591309,6.752966,5.840061,4.805504,3.664141,2.411048,1.156881,0.244691,0.001409
283,2033,,13.164682,13.197353,13.026096,12.502349,12.114134,11.963921,11.550282,11.544137,11.286661,11.145761,10.649799,10.156047,9.540486,9.135432,8.53562,8.121692,7.855021,7.3129,6.390671,5.544983,4.646052,3.66359,2.632417,1.580422,0.645889,0.097551,0.000188
284,2034,,12.648347,12.677137,12.453381,11.83424,11.40252,11.228386,10.777877,10.758633,10.478053,10.315609,9.782973,9.256349,8.607948,8.178107,7.556447,7.124675,6.838688,6.282925,5.365549,4.538798,3.682342,2.780401,1.880705,1.02871,0.357307,0.038407,2.50E-05
285,2035,,12.147127,12.172166,11.899998,11.19495,10.725433,10.530467,10.049203,10.018349,9.718913,9.538455,8.977541,8.426868,7.756782,7.310965,6.67928,6.239448,5.94279,5.386782,4.493983,3.70474,2.90884,2.10175,1.337193,0.665609,0.196159,0.014969,3.00E-06
286,2036,,11.661035,11.682464,11.365859,10.583997,10.082055,9.869169,9.362811,9.321767,9.007373,8.812165,8.230534,7.663645,6.98157,6.527356,5.895503,5.455657,5.155438,4.609665,3.75573,3.016277,2.290997,1.583167,0.946757,0.428461,0.106997,0.005785,0
287,2037,,11.190028,11.207998,10.850806,10.000804,9.471467,9.243388,8.717141,8.667251,8.341449,8.134484,7.538889,6.962666,6.276935,5.820746,5.196796,4.763416,4.465357,3.937764,3.132468,2.450104,1.799569,1.188806,0.667836,0.274573,0.05804,0.00222,0
288,2038,,10.73402,10.748687,10.354618,9.444714,8.892667,8.651936,8.110558,8.053082,7.719086,7.503085,6.899504,6.319933,5.637612,5.184814,4.575241,4.153422,3.862012,3.358383,2.607843,1.986037,1.410143,0.890172,0.469535,0.175265,0.031333,0.000847,0
289,2039,,10.292878,10.304402,9.877024,8.915008,8.344595,8.093564,7.54138,7.477492,7.138185,6.915607,6.309284,5.731518,5.058516,4.613513,4.023384,3.617013,3.335672,2.859985,2.167418,1.606785,1.102565,0.66487,0.329144,0.111486,0.016845,0.000322,0
290,2040,,9.866436,9.87498,9.417708,8.410917,7.826147,7.566981,7.007897,6.938681,6.596638,6.369684,5.765182,5.1936,4.534782,4.101122,3.534278,3.146205,2.877442,2.432191,1.79857,1.29767,0.86035,0.495451,0.230118,0.070696,0.009022,0.000121,0
291,2041,,9.454494,9.460221,8.976315,7.931633,7.336187,7.070872,6.508396,6.434849,6.092347,5.862975,5.264221,4.702501,4.061793,3.642266,3.101493,2.733696,2.479249,2.065733,1.490342,1.046325,0.670115,0.368432,0.160499,0.044706,0.004817,4.60E-05,0
292,2042,,9.056824,9.059899,8.552459,7.476323,6.873566,6.603911,6.041172,5.964202,5.623245,5.393182,4.803517,4.2547,3.635199,3.231929,2.719121,2.372843,2.133817,1.752391,1.233285,0.842401,0.521064,0.273453,0.111699,0.028199,0.002564,1.70E-05,0
293,2043,,8.673177,8.673762,8.14573,7.044133,6.437128,6.164773,5.604543,5.524977,5.187306,4.958063,4.380297,3.84685,3.250923,2.865464,2.381761,2.057647,1.834626,1.484918,1.019295,0.67728,0.404535,0.202602,0.077582,0.017747,0.001361,6.00E-06,0
294,2044,,8.30328,8.301536,7.755694,6.634201,6.025719,5.752143,5.196861,5.115442,4.782564,4.55545,3.991909,3.475789,2.905165,2.538577,2.0845,1.782709,1.575865,1.256955,0.841457,0.543823,0.313615,0.149866,0.053787,0.011146,0.000721,2.00E-06,0
295,2045,,7.946848,7.942931,7.381904,6.245659,5.638197,5.364725,4.81652,4.733916,4.407114,4.183255,3.635828,3.138539,2.5944,2.247327,1.822889,1.543193,1.352372,1.062943,0.693892,0.436139,0.242804,0.110692,0.037228,0.006987,0.000381,1.00E-06,0
296,2046,,7.603577,7.597642,7.023897,5.877641,5.273436,5.001249,4.461962,4.378766,4.059124,3.839473,3.30966,2.832312,2.315368,1.988105,1.592911,1.334784,1.159583,0.898049,0.571623,0.349385,0.187747,0.081644,0.025727,0.004372,0.000201,0,0
297,2047,,7.273156,7.265352,6.681205,5.52929,4.930332,4.660475,4.131682,4.048419,3.736838,3.522194,3.011147,2.554503,2.065067,1.757619,1.390955,1.153643,0.993474,0.758074,0.470448,0.279593,0.145007,0.060141,0.017753,0.002731,0.000106,0,0
298,2048,,6.955262,6.945735,6.35335,5.199755,4.607807,4.341199,3.824232,3.741364,3.438576,3.229599,2.738164,2.302686,1.840738,1.552877,1.213784,0.996367,0.850511,0.639393,0.386833,0.223523,0.111874,0.044249,0.012235,0.001704,5.60E-05,0,0
299,2049,,6.649568,6.638457,6.039856,4.888204,4.304813,4.042255,3.538223,3.456152,3.162742,2.959962,2.488717,2.074612,1.639856,1.371164,1.058498,0.859945,0.727594,0.538873,0.317809,0.178531,0.086225,0.03252,0.008421,0.001061,2.90E-05,0,0
300,2050,,6.355739,6.34318,5.740241,4.59382,4.020332,3.762517,3.272327,3.191401,2.907818,2.711654,2.26094,1.868198,1.460113,1.210024,0.922516,0.741721,0.622015,0.453824,0.260893,0.142471,0.066392,0.023874,0.00579,0.00066,1.50E-05,0,0
301,2051,,6.07344,6.059562,5.454028,4.315804,3.753383,3.500902,3.025278,2.945793,2.672368,2.483136,2.053093,1.68152,1.299405,1.06724,0.803535,0.639356,0.53141,0.381931,0.214007,0.113601,0.051075,0.01751,0.003976,0.00041,8.00E-06,0,0
302,2052,,5.802333,5.787261,5.180744,4.05338,3.503018,3.256369,2.79587,2.718078,2.455035,2.272962,1.863555,1.512805,1.155819,0.940816,0.699511,0.550795,0.453722,0.321216,0.175422,0.090511,0.039259,0.012831,0.002728,0.000255,4.00E-06,0,0
303,2053,,5.54208,5.525931,4.919917,3.805794,3.268325,3.027923,2.58296,2.50707,2.254539,2.079773,1.69082,1.360423,1.027618,0.828956,0.608632,0.474235,0.387163,0.269982,0.143696,0.07206,0.030152,0.009393,0.00187,0.000158,2.00E-06,0,0
304,2054,,5.292342,5.27523,4.671086,3.572317,3.048431,2.814613,2.385464,2.311646,2.069677,1.902297,1.533489,1.222877,0.913226,0.730049,0.529291,0.408099,0.330182,0.226785,0.117631,0.057331,0.02314,0.006871,0.00128,9.80E-05,1.00E-06,0,0
305,2055,,5.052785,5.034818,4.433793,3.352241,2.842498,2.615531,2.202357,2.130749,1.89932,1.739344,1.39027,1.098795,0.811218,0.64265,0.460071,0.351007,0.281437,0.190391,0.096235,0.045582,0.017746,0.005023,0.000876,6.10E-05,1.00E-06,0,0
306,2056,,4.823078,4.804356,4.207593,3.144888,2.649726,2.429814,2.032671,1.96338,1.742406,1.589802,1.259967,0.986921,0.720306,0.565468,0.399717,0.301755,0.239765,0.159751,0.078685,0.036218,0.0136,0.003668,0.000599,3.70E-05,0,0,0
307,2057,,4.60289,4.583511,3.992046,2.949601,2.46935,2.25664,1.875494,1.808598,1.597945,1.452634,1.141475,0.886107,0.639329,0.497347,0.347127,0.259293,0.204163,0.133972,0.0643,0.028761,0.010416,0.002678,0.000409,2.30E-05,0,0,0
308,2058,,4.391899,4.371953,3.786725,2.765751,2.300643,2.095231,1.729968,1.665522,1.465008,1.326876,1.033775,0.795307,0.567239,0.437256,0.301328,0.222706,0.173766,0.112298,0.052516,0.022826,0.007973,0.001953,0.000279,1.40E-05,0,0,0
309,2059,,4.189785,4.169357,3.591212,2.592734,2.142911,1.944847,1.595284,1.533323,1.34273,1.21163,0.935932,0.713564,0.503092,0.384277,0.261465,0.1912,0.147829,0.094085,0.04287,0.018106,0.006099,0.001424,0.000191,9.00E-06,0,0,0
310,2060,,3.996235,3.975406,3.405101,2.429971,1.995497,1.804791,1.470686,1.411223,1.230303,1.106064,0.847082,0.64001,0.446042,0.337592,0.226786,0.164083,0.125709,0.07879,0.034979,0.014354,0.004663,0.001037,0.00013,5.00E-06,0,0,0
311,2061,,3.810942,3.789787,3.227997,2.276909,1.857776,1.674402,1.355463,1.298496,1.126975,1.009404,0.766433,0.573854,0.395327,0.296472,0.196632,0.140756,0.106855,0.065953,0.028527,0.011374,0.003563,0.000755,8.90E-05,3.00E-06,0,0,0
312,2062,,3.633605,3.612195,3.059515,2.133017,1.729156,1.553056,1.248948,1.194462,1.032047,0.920935,0.693259,0.514377,0.350263,0.260272,0.170426,0.1207,0.090792,0.055185,0.023255,0.009009,0.002721,0.00055,6.00E-05,2.00E-06,0,0,0
313,2063,,3.463931,3.44233,2.899285,1.99779,1.609076,1.440166,1.15052,1.098485,0.944869,0.839992,0.626892,0.460926,0.310237,0.228415,0.14766,0.103463,0.077115,0.046156,0.018949,0.007132,0.002077,0.0004,4.10E-05,1.00E-06,0,0,0
314,2064,,3.301632,3.279902,2.746947,1.870748,1.497004,1.335178,1.059594,1.009973,0.864836,0.765964,0.566724,0.41291,0.274702,0.200394,0.127893,0.088657,0.065474,0.038589,0.015434,0.005644,0.001585,0.000291,2.80E-05,1.00E-06,0,0,0
315,2065,,3.146428,3.124626,2.602151,1.75143,1.392441,1.237569,0.975628,0.928373,0.791388,0.698283,0.512194,0.369793,0.243165,0.175755,0.110736,0.075944,0.05557,0.032251,0.012566,0.004464,0.001209,0.000211,1.90E-05,0,0,0,0
316,2066,,2.998048,2.976225,2.464562,1.6394,1.294913,1.146849,0.898114,0.853168,0.724006,0.636427,0.462791,0.331089,0.215187,0.1541,0.09585,0.065033,0.047149,0.026944,0.010227,0.00353,0.000922,0.000153,1.30E-05,0,0,0,0
317,2067,,2.856225,2.834431,2.333856,1.534243,1.203973,1.062558,0.826577,0.783881,0.662208,0.579912,0.41805,0.296358,0.190375,0.135075,0.08294,0.055671,0.03999,0.022503,0.008321,0.00279,0.000702,0.000111,9.00E-06,0,0,0,0
318,2068,,2.720703,2.698982,2.20972,1.435564,1.1192,0.984262,0.760577,0.720065,0.60555,0.528294,0.377542,0.265203,0.168379,0.118365,0.071748,0.047643,0.033908,0.018788,0.006767,0.002204,0.000535,8.10E-05,6.00E-06,0,0,0,0
319,2069,,2.591232,2.569624,2.091852,1.342989,1.040197,0.911556,0.699702,0.661304,0.55362,0.481162,0.34088,0.237265,0.148887,0.103694,0.062049,0.040761,0.028742,0.015681,0.005502,0.001741,0.000407,5.90E-05,4.00E-06,0,0,0,0
320,2070,,2.467569,2.446112,1.979963,1.256162,0.966592,0.844059,0.643571,0.607215,0.506036,0.438141,0.307708,0.21222,0.131617,0.090818,0.053646,0.034862,0.024356,0.013083,0.004471,0.001374,0.00031,4.20E-05,3.00E-06,0,0,0,0
321,2071,,2.34948,2.328208,1.873774,1.174747,0.898033,0.781414,0.591827,0.557438,0.462448,0.398882,0.277703,0.189775,0.116323,0.079521,0.046369,0.029809,0.020633,0.010913,0.003633,0.001085,0.000236,3.10E-05,2.00E-06,0,0,0,0
322,2072,,2.236737,2.215681,1.773016,1.098426,0.834189,0.723287,0.54414,0.511643,0.42253,0.363066,0.25057,0.169665,0.102782,0.069611,0.040069,0.025482,0.017475,0.0091,0.002951,0.000856,0.000179,2.20E-05,1.00E-06,0,0,0,0
323,2073,,2.129121,2.108308,1.677434,1.026895,0.774752,0.669366,0.500203,0.469522,0.385983,0.330401,0.22604,0.151654,0.090796,0.060923,0.034616,0.021777,0.014796,0.007586,0.002396,0.000675,0.000136,1.60E-05,1.00E-06,0,0,0,0
324,2074,,2.026418,2.005874,1.586781,0.95987,0.71943,0.619358,0.459732,0.43079,0.352531,0.300616,0.203871,0.135526,0.08019,0.053306,0.029898,0.018607,0.012524,0.006323,0.001945,0.000532,0.000104,1.20E-05,1.00E-06,0,0,0,0
325,2075,,1.928424,1.908171,1.500819,0.897081,0.66795,0.57299,0.422461,0.395182,0.321919,0.273465,0.18384,0.121088,0.070808,0.046631,0.025817,0.015894,0.010599,0.005268,0.001579,0.00042,7.90E-05,8.00E-06,0,0,0,0,0
326,2076,,1.834941,1.814999,1.419323,0.838272,0.620055,0.530006,0.388146,0.362455,0.293913,0.24872,0.165746,0.108167,0.06251,0.040784,0.022288,0.013573,0.008967,0.004388,0.001281,0.000331,6.00E-05,6.00E-06,0,0,0,0,0
327,2077,,1.745777,1.726163,1.342075,0.783203,0.575505,0.490169,0.356559,0.332381,0.268296,0.226174,0.149404,0.096606,0.055174,0.035662,0.019237,0.011589,0.007585,0.003655,0.001039,0.000261,4.50E-05,4.00E-06,0,0,0,0,0
328,2078,,1.660747,1.641478,1.268869,0.731646,0.534075,0.453256,0.327489,0.304753,0.244871,0.205636,0.13465,0.086264,0.048689,0.031176,0.016601,0.009892,0.006414,0.003043,0.000842,0.000205,3.50E-05,3.00E-06,0,0,0,0,0
329,2079,,1.579675,1.560763,1.199504,0.683387,0.495555,0.419059,0.300742,0.279377,0.223455,0.186932,0.121331,0.077015,0.042958,0.02725,0.014322,0.008442,0.005423,0.002533,0.000683,0.000162,2.60E-05,2.00E-06,0,0,0,0,0
330,2080,,1.50239,1.483846,1.133792,0.638224,0.459747,0.387385,0.276137,0.256073,0.203878,0.169901,0.109311,0.068746,0.037895,0.023813,0.012354,0.007203,0.004584,0.002108,0.000554,0.000127,2.00E-05,2.00E-06,0,0,0,0,0
331,2081,,1.428726,1.410561,1.07155,0.595965,0.426467,0.358053,0.253507,0.234677,0.185988,0.154396,0.098465,0.061354,0.033422,0.020806,0.010654,0.006145,0.003874,0.001754,0.000449,0.0001,1.50E-05,1.00E-06,0,0,0,0,0
332,2082,,1.358525,1.340746,1.012606,0.556432,0.395541,0.330896,0.232697,0.215037,0.169642,0.140285,0.088681,0.054747,0.029472,0.018176,0.009187,0.005241,0.003274,0.001459,0.000363,7.90E-05,1.10E-05,1.00E-06,0,0,0,0,0
333,2083,,1.291635,1.274249,0.956794,0.519454,0.366809,0.305756,0.213565,0.197012,0.154709,0.127444,0.079856,0.048844,0.025984,0.015875,0.00792,0.004469,0.002765,0.001213,0.000294,6.20E-05,9.00E-06,1.00E-06,0,0,0,0,0
334,2084,,1.22791,1.210922,0.903956,0.484873,0.34012,0.282488,0.195979,0.180472,0.14107,0.115761,0.071898,0.04357,0.022905,0.013863,0.006826,0.00381,0.002336,0.001009,0.000238,4.90E-05,7.00E-06,0,0,0,0,0,0
335,2085,,1.167209,1.150623,0.853942,0.452538,0.315332,0.260957,0.179817,0.165298,0.128615,0.105133,0.064724,0.03886,0.020188,0.012104,0.005883,0.003248,0.001972,0.000839,0.000193,3.80E-05,5.00E-06,0,0,0,0,0,0
336,2086,,1.109397,1.093214,0.806608,0.42231,0.292314,0.241035,0.164965,0.15138,0.117244,0.095468,0.058257,0.034653,0.01779,0.010566,0.005069,0.002768,0.001665,0.000697,0.000156,3.00E-05,4.00E-06,0,0,0,0,0,0
337,2087,,1.054344,1.038567,0.761816,0.394054,0.270943,0.222607,0.15132,0.138614,0.106863,0.086679,0.052428,0.030897,0.015675,0.009222,0.004367,0.002359,0.001406,0.000579,0.000126,2.40E-05,3.00E-06,0,0,0,0,0,0
338,2088,,1.001926,0.986555,0.719437,0.367647,0.251105,0.205562,0.138786,0.126909,0.097389,0.078689,0.047176,0.027545,0.013809,0.008048,0.003761,0.00201,0.001187,0.000481,0.000102,1.90E-05,2.00E-06,0,0,0,0,0,0
339,2089,,0.952024,0.937057,0.679347,0.34297,0.232691,0.1898,0.127275,0.116178,0.088743,0.071426,0.042444,0.024552,0.012163,0.007022,0.003239,0.001712,0.001001,0.0004,8.30E-05,1.50E-05,2.00E-06,0,0,0,0,0,0
340,2090,,0.904523,0.88996,0.641426,0.319915,0.215604,0.175225,0.116704,0.106341,0.080855,0.064825,0.038182,0.021882,0.010712,0.006127,0.002789,0.001458,0.000845,0.000332,6.70E-05,1.10E-05,1.00E-06,0,0,0,0,0,0
341,2091,,0.859313,0.845151,0.605563,0.298377,0.199748,0.161751,0.106998,0.097325,0.073658,0.058826,0.034343,0.019499,0.009433,0.005344,0.002401,0.001242,0.000713,0.000276,5.40E-05,9.00E-06,1.00E-06,0,0,0,0,0,0
342,2092,,0.81629,0.802526,0.571651,0.27826,0.185039,0.149297,0.098088,0.089063,0.067094,0.053376,0.030887,0.017374,0.008305,0.004661,0.002067,0.001057,0.000601,0.000229,4.40E-05,7.00E-06,1.00E-06,0,0,0,0,0,0
343,2093,,0.775353,0.761983,0.539586,0.259473,0.171394,0.137786,0.08991,0.081492,0.061108,0.048425,0.027774,0.015478,0.007311,0.004065,0.001779,0.0009,0.000507,0.00019,3.50E-05,6.00E-06,1.00E-06,0,0,0,0,0,0
344,2094,,0.736406,0.723425,0.509274,0.241929,0.158739,0.127149,0.082405,0.074557,0.055649,0.043928,0.024973,0.013787,0.006436,0.003544,0.001531,0.000766,0.000427,0.000158,2.90E-05,4.00E-06,0,0,0,0,0,0,0
345,2095,,0.699355,0.68676,0.48062,0.22555,0.147002,0.117321,0.075517,0.068205,0.050672,0.039844,0.022451,0.01228,0.005664,0.00309,0.001318,0.000652,0.00036,0.000131,2.30E-05,3.00E-06,0,0,0,0,0,0,0
346,2096,,0.664114,0.651898,0.453539,0.210258,0.13612,0.108241,0.069198,0.062387,0.046136,0.036135,0.020181,0.010936,0.004984,0.002693,0.001134,0.000555,0.000304,0.000109,1.90E-05,3.00E-06,0,0,0,0,0,0,0
347,2097,,0.630596,0.618754,0.427946,0.195985,0.126031,0.099853,0.063401,0.057059,0.042,0.032769,0.018139,0.009738,0.004386,0.002348,0.000975,0.000472,0.000256,9.00E-05,1.50E-05,2.00E-06,0,0,0,0,0,0,0
348,2098,,0.598722,0.587249,0.403763,0.182664,0.116678,0.092107,0.058084,0.052181,0.038232,0.029712,0.016302,0.00867,0.003858,0.002046,0.000839,0.000402,0.000216,7.50E-05,1.20E-05,2.00E-06,0,0,0,0,0,0,0
349,2099,,0.568415,0.557303,0.380914,0.170232,0.10801,0.084953,0.053207,0.047714,0.034798,0.026938,0.014649,0.007718,0.003394,0.001783,0.000721,0.000342,0.000182,6.20E-05,1.00E-05,1.00E-06,0,0,0,0,0,0,0
350,2100,,0.5396,0.528843,0.359329,0.158632,0.099975,0.078347,0.048735,0.043626,0.031669,0.02442,0.013162,0.00687,0.002985,0.001553,0.00062,0.000291,0.000153,5.10E-05,8.00E-06,1.00E-06,0,0,0,0,0,0,0
