,Year,Historical,2000,2001,2002,2003,2004,2005,2006,2007,2008,2009,2010,2011,2012,2013,2014,2015,2016,2017,2018,2019,2020,2021,2022,2023,2024,2025,2026,2027,2028,2029
150,1900,6.053521,,,,,,,,,,,,,,,,,,,,,,,,,,,,,,
151,1901,6.226141999999999,,,,,,,,,,,,,,,,,,,,,,,,,,,,,,
152,1902,6.343285,,,,,,,,,,,,,,,,,,,,,,,,,,,,,,
153,1903,6.592014999999999,,,,,,,,,,,,,,,,,,,,,,,,,,,,,,
154,1904,6.6672720000000005,,,,,,,,,,,,,,,,,,,,,,,,,,,,,,
155,1905,6.854429,,,,,,,,,,,,,,,,,,,,,,,,,,,,,,
156,1906,7.0036369999999994,,,,,,,,,,,,,,,,,,,,,,,,,,,,,,
157,1907,7.376653999999999,,,,,,,,,,,,,,,,,,,,,,,,,,,,,,
158,1908,7.275637,,,,,,,,,,,,,,,,,,,,,,,,,,,,,,
159,1909,7.4219550000000005,,,,,,,,,,,,,,,,,,,,,,,,,,,,,,
160,1910,7.476471000000001,,,,,,,,,,,,,,,,,,,,,,,,,,,,,,
161,1911,7.507427000000001,,,,,,,,,,,,,,,,,,,,,,,,,,,,,,
162,1912,7.6123270000000005,,,,,,,,,,,,,,,,,,,,,,,,,,,,,,
163,1913,7.8529,,,,,,,,,,,,,,,,,,,,,,,,,,,,,,
164,1914,7.455626,,,,,,,,,,,,,,,,,,,,,,,,,,,,,,
165,1915,7.3747240000000005,,,,,,,,,,,,,,,,,,,,,,,,,,,,,,
166,1916,7.590375999999999,,,,,,,,,,,,,,,,,,,,,,,,,,,,,,
167,1917,7.728275,,,,,,,,,,,,,,,,,,,,,,,,,,,,,,
168,1918,7.676414,,,,,,,,,,,,,,,,,,,,,,,,,,,,,,
169,1919,7.2133210000000005,,,,,,,,,,,,,,,,,,,,,,,,,,,,,,
170,1920,7.894786,,,,,,,,,,,,,,,,,,,,,,,,,,,,,,
171,1921,7.572951,,,,,,,,,,,,,,,,,,,,,,,,,,,,,,
172,1922,7.808739999999999,,,,,,,,,,,,,,,,,,,,,,,,,,,,,,
173,1923,8.28299,,,,,,,,,,,,,,,,,,,,,,,,,,,,,,
174,1924,8.32959,,,,,,,,,,,,,,,,,,,,,,,,,,,,,,
175,1925,8.380347,,,,,,,,,,,,,,,,,,,,,,,,,,,,,,
176,1926,8.338774,,,,,,,,,,,,,,,,,,,,,,,,,,,,,,
177,1927,8.694155,,,,,,,,,,,,,,,,,,,,,,,,,,,,,,
178,1928,8.711089999999999,,,,,,,,,,,,,,,,,,,,,,,,,,,,,,
179,1929,9.003256,,,,,,,,,,,,,,,,,,,,,,,,,,,,,,
180,1930,8.907413,,,,,,,,,,,,,,,,,,,,,,,,,,,,,,
181,1931,8.634591,,,,,,,,,,,,,,,,,,,,,,,,,,,,,,
182,1932,8.374578999999999,,,,,,,,,,,,,,,,,,,,,,,,,,,,,,
183,1933,8.645301,,,,,,,,,,,,,,,,,,,,,,,,,,,,,,
184,1934,9.012561,,,,,,,,,,,,,,,,,,,,,,,,,,,,,,
185,1935,9.261991,,,,,,,,,,,,,,,,,,,,,,,,,,,,,,
186,1936,9.704858999999999,,,,,,,,,,,,,,,,,,,,,,,,,,,,,,
187,1937,10.041638,,,,,,,,,,,,,,,,,,,,,,,,,,,,,,
188,1938,9.809198,,,,,,,,,,,,,,,,,,,,,,,,,,,,,,
189,1939,10.057065,,,,,,,,,,,,,,,,,,,,,,,,,,,,,,
190,1940,10.556952,,,,,,,,,,,,,,,,,,,,,,,,,,,,,,
191,1941,10.763668,,,,,,,,,,,,,,,,,,,,,,,,,,,,,,
192,1942,10.761571,,,,,,,,,,,,,,,,,,,,,,,,,,,,,,
193,1943,10.91023,,,,,,,,,,,,,,,,,,,,,,,,,,,,,,
194,1944,10.837807000000002,,,,,,,,,,,,,,,,,,,,,,,,,,,,,,
195,1945,9.948428,,,,,,,,,,,,,,,,,,,,,,,,,,,,,,
196,1946,10.310253999999999,,,,,,,,,,,,,,,,,,,,,,,,,,,,,,
197,1947,10.776959,,,,,,,,,,,,,,,,,,,,,,,,,,,,,,
198,1948,10.986811999999999,,,,,,,,,,,,,,,,,,,,,,,,,,,,,,
199,1949,10.633052000000001,,,,,,,,,,,,,,,,,,,,,,,,,,,,,,
200,1950,11.595248,,,,,,,,,,,,,,,,,,,,,,,,,,,,,,
201,1951,12.234672999999999,,,,,,,,,,,,,,,,,,,,,,,,,,,,,,
202,1952,12.391385000000001,,,,,,,,,,,,,,,,,,,,,,,,,,,,,,
203,1953,12.673364999999999,,,,,,,,,,,,,,,,,,,,,,,,,,,,,,
204,1954,12.922786,,,,,,,,,,,,,,,,,,,,,,,,,,,,,,
205,1955,13.665104000000001,,,,,,,,,,,,,,,,,,,,,,,,,,,,,,
206,1956,14.263379,,,,,,,,,,,,,,,,,,,,,,,,,,,,,,
207,1957,14.624423,,,,,,,,,,,,,,,,,,,,,,,,,,,,,,
208,1958,14.969281,,,,,,,,,,,,,,,,,,,,,,,,,,,,,,
209,1959,15.489944,,,,,,,,,,,,,,,,,,,,,,,,,,,,,,
210,1960,15.397863000000001,,,,,,,,,,,,,,,,,,,,,,,,,,,,,,
211,1961,15.135482999999999,,,,,,,,,,,,,,,,,,,,,,,,,,,,,,
212,1962,15.291398000000001,,,,,,,,,,,,,,,,,,,,,,,,,,,,,,
213,1963,15.624988,,,,,,,,,,,,,,,,,,,,,,,,,,,,,,
214,1964,15.963017,,,,,,,,,,,,,,,,,,,,,,,,,,,,,,
215,1965,16.275062,,,,,,,,,,,,,,,,,,,,,,,,,,,,,,
216,1966,16.636826,,,,,,,,,,,,,,,,,,,,,,,,,,,,,,
217,1967,16.929388,,,,,,,,,,,,,,,,,,,,,,,,,,,,,,
218,1968,17.575582999999998,,,,,,,,,,,,,,,,,,,,,,,,,,,,,,
219,1969,18.451945000000002,,,,,,,,,,,,,,,,,,,,,,,,,,,,,,
220,1970,19.499624,,,,,,,,,,,,,,,,,,,,,,,,,,,,,,
221,1971,20.008592999999998,,,,,,,,,,,,,,,,,,,,,,,,,,,,,,
222,1972,20.614542,,,,,,,,,,,,,,,,,,,,,,,,,,,,,,
223,1973,21.38644,,,,,,,,,,,,,,,,,,,,,,,,,,,,,,
224,1974,21.187664,,,,,,,,,,,,,,,,,,,,,,,,,,,,,,
225,1975,21.082867,,,,,,,,,,,,,,,,,,,,,,,,,,,,,,
226,1976,21.926295,,,,,,,,,,,,,,,,,,,,,,,,,,,,,,
227,1977,22.348883999999998,,,,,,,,,,,,,,,,,,,,,,,,,,,,,,
228,1978,22.883543,,,,,,,,,,,,,,,,,,,,,,,,,,,,,,
229,1979,23.289642999999998,,,,,,,,,,,,,,,,,,,,,,,,,,,,,,
230,1980,23.366101,,,,,,,,,,,,,,,,,,,,,,,,,,,,,,
231,1981,22.902114,,,,,,,,,,,,,,,,,,,,,,,,,,,,,,
232,1982,22.818448999999998,,,,,,,,,,,,,,,,,,,,,,,,,,,,,,
233,1983,23.152292000000003,,,,,,,,,,,,,,,,,,,,,,,,,,,,,,
234,1984,23.84256,,,,,,,,,,,,,,,,,,,,,,,,,,,,,,
235,1985,24.608135,,,,,,,,,,,,,,,,,,,,,,,,,,,,,,
236,1986,25.025178,,,,,,,,,,,,,,,,,,,,,,,,,,,,,,
237,1987,25.824408,,,,,,,,,,,,,,,,,,,,,,,,,,,,,,
238,1988,26.692503000000002,,,,,,,,,,,,,,,,,,,,,,,,,,,,,,
239,1989,27.120986,,,,,,,,,,,,,,,,,,,,,,,,,,,,,,
240,1990,27.510790999999998,,,,,,,,,,,,,,,,,,,,,,,,,,,,,,
241,1991,27.978436,,,,,,,,,,,,,,,,,,,,,,,,,,,,,,
242,1992,27.285318,,,,,,,,,,,,,,,,,,,,,,,,,,,,,,
243,1993,27.526963000000002,,,,,,,,,,,,,,,,,,,,,,,,,,,,,,
244,1994,27.666012,,,,,,,,,,,,,,,,,,,,,,,,,,,,,,
245,1995,28.105649,,,,,,,,,,,,,,,,,,,,,,,,,,,,,,
246,1996,28.738025,,,,,,,,,,,,,,,,,,,,,,,,,,,,,,
247,1997,30.6064,,,,,,,,,,,,,,,,,,,,,,,,,,,,,,
248,1998,28.500498999999998,,,,,,,,,,,,,,,,,,,,,,,,,,,,,,
249,1999,28.711909000000002,,,,,,,,,,,,,,,,,,,,,,,,,,,,,,
250,2000,30.068131,30.068131,,,,,,,,,,,,,,,,,,,,,,,,,,,,,
251,2001,30.025266,30.266407,30.025266,,,,,,,,,,,,,,,,,,,,,,,,,,,,
252,2002,31.271594,30.411070000000002,30.149364000000002,31.271594,,,,,,,,,,,,,,,,,,,,,,,,,,,
253,2003,32.735702,30.505737,30.226609999999997,31.513440000000003,32.735702,,,,,,,,,,,,,,,,,,,,,,,,,,
254,2004,33.862726,30.553833,30.260182,31.688394,33.541554,33.862726,,,,,,,,,,,,,,,,,,,,,,,,,
255,2005,34.412602,30.558602,30.253090999999998,31.801322999999996,34.19562,34.845735999999995,34.412602,,,,,,,,,,,,,,,,,,,,,,,,
256,2006,35.569639,30.523111,30.208187,31.856818,34.710567,35.638206,35.371462,35.569639,,,,,,,,,,,,,,,,,,,,,,,
257,2007,35.809665,30.450266,30.128171000000002,31.859202000000003,35.098199,36.257128,36.13429,36.63454,35.809665,,,,,,,,,,,,,,,,,,,,,,
258,2008,36.752056,30.342813,30.015598999999998,31.812551000000003,35.369508,36.71825,36.719056,37.470451000000004,36.665921000000004,36.752056,,,,,,,,,,,,,,,,,,,,,
259,2009,37.043836,30.203348,29.872889,31.7207,35.534726,37.036159999999995,37.142376,38.099576,37.319579,37.466663,37.043836,,,,,,,,,,,,,,,,,,,,
260,2010,38.224529,30.034326,29.702328,31.587262,35.603375,37.224363000000004,37.419615,38.542359999999995,37.790341,37.987376,37.636986,38.224529,,,,,,,,,,,,,,,,,,,
261,2011,39.188828,29.838067,29.506078999999996,31.415634000000004,35.584307,37.295353000000006,37.564968,38.817609000000004,38.096351,38.333593,38.047433000000005,38.848259999999996,39.188828,,,,,,,,,,,,,,,,,,
262,2012,40.17197,29.616758,29.286185999999997,31.209012,35.485749,37.260684000000005,37.591538,38.942613,38.254312,38.52315,38.293785,39.265124,39.835046000000006,40.17197,,,,,,,,,,,,,,,,,
263,2013,40.523658000000005,29.372469,29.044581,30.9704,35.315342,37.131029999999996,37.511419000000004,38.933254999999996,38.279589,38.572439,38.39314,39.497374,40.251191,40.939054999999996,40.523658000000005,,,,,,,,,,,,,,,,
264,2014,41.303965999999996,29.107148,28.783087,30.702619,35.080179,36.91625,37.335757,38.804116,38.186302000000005,38.496509,38.361191999999996,39.565354,40.463266,41.430496000000005,41.245389,41.303965999999996,,,,,,,,,,,,,,,
265,2015,41.48036,28.822636,28.503425,30.40832,34.786838,36.625436,37.074825,38.568569000000004,37.98742,38.30917,38.212342,39.48765,40.494935999999996,41.679297,41.683838,42.015132,41.48036,,,,,,,,,,,,,,
266,2016,41.012741,28.520667,28.20722,30.089990999999998,34.441416,36.266973,36.738076,38.238869,37.694845,38.023077,37.959787,39.281227,40.367715999999994,41.715308,41.874041999999996,42.420535,42.006477000000004,41.012741,,,,,,,,,,,,,
267,2017,41.193001,28.202872999999997,27.896003000000004,29.749964000000002,34.049563,35.848585,36.334207,37.826235,37.319487,37.649825,37.615613,38.961553,40.101153000000004,41.565501,41.847592,42.559767,42.248805,41.284095,41.193001,,,,,,,,,,,,
268,2018,42.101177,27.870793,27.571218,29.390428000000004,33.616503,35.37738,35.871208,37.340928999999996,36.871340999999994,37.200021,37.190878000000005,38.542719,39.712979,41.254214000000005,41.632943,42.468356,42.244987,41.318031,41.270648,42.101177,,,,,,,,,,,
269,2019,42.332384000000005,27.525876,27.234223999999998,29.013431,33.147071000000004,34.859891999999995,35.356417,36.792327,36.359551,36.683358,36.695687,38.037549,39.219268,40.803384,41.255688,42.178143,42.028754,41.14635,41.134819,42.173553999999996,42.332384000000005,,,,,,,,,,
270,2020,,27.169483000000003,26.886302,28.620891999999998,32.645732,34.302127,34.796561,36.188986,35.792476,36.108691,36.139266,37.457694000000004,38.634568,40.232759,40.738818,41.717624,41.630287,40.797574,40.815073,42.003797,42.39464,42.332384000000005,,,,,,,,,
271,2021,,26.802893,26.528655,28.214607,32.116608,33.709590999999996,34.197804,35.538707,35.177749,35.484091,35.530031,36.813735,37.972034,39.56009,40.102959000000006,41.112265,41.076551,40.297245000000004,40.337874,41.627410999999995,42.194793,42.433516999999995,42.332384000000005,,,,,,,,
272,2022,,26.427311,26.162417,27.796253999999998,31.5635,33.087333,33.565785999999996,34.84859,34.522329,34.816912,34.875644,36.11526,37.243536999999996,38.801307,39.366583,40.384788,40.391603,39.668203000000005,39.726878,41.075967,41.772957,42.242490999999994,42.450028,42.332384000000005,,,,,,,
273,2023,,26.043864000000003,25.788652,27.367401,30.989908000000003,32.439975,32.905662,34.125091,33.832553999999995,34.113843,34.183075,35.370951,36.459779,37.970684999999996,38.546206,39.555428000000006,39.596864000000004,38.930839,39.003199,40.377491,41.164613,41.805813,42.247696999999995,42.338177,42.332384000000005,,,,,,
274,2024,,25.653612,25.408359,26.929512,30.399053000000002,31.771741,32.222134999999994,33.37407,33.114188,33.380959000000004,33.458657,34.588654,35.630390999999996,37.080991,37.656572,38.642175,38.711377,38.103327,38.185645,39.556814,40.401083,41.164386,41.778444,42.026331,42.191203,42.332384000000005,,,,,
275,2025,,25.257548,25.022476,26.483953000000003,29.793896000000004,31.086489,31.519493,32.600837,32.372465000000005,32.623768,32.70813,33.775449,34.764021,36.143619,36.710812,37.660989,37.752034,37.20183,37.290941,38.635894,39.509965,40.354110999999996,41.088658,41.451745,41.742594,42.146097,42.332384000000005,,,,
276,2026,,24.856601,24.631883,26.031994,29.177152000000003,30.387733,30.801637,31.810198,31.612128000000002,31.847258,31.936694,32.937711,33.868424,35.168721000000005,35.720596,36.625993,36.733784,36.240697999999995,36.333931,37.634107,38.515522,39.406426,40.218804999999996,40.662199,41.042153000000006,41.633288,42.127317,42.332384000000005,,,
277,2027,,24.451642,24.237403,25.574822,28.551312,29.678672,30.072111,31.006490000000003,30.837471,31.055938,31.149046000000002,32.081171000000005,32.950534999999995,34.165316,34.696273,35.549659000000005,35.669828,35.232636,35.327751,36.568503,37.439027,38.348795,39.204102,39.699172999999995,40.138037,40.855845,41.565275,42.105548999999996,42.332384000000005,,
278,2028,,24.043485,23.839807999999998,25.113537,27.918653000000003,28.962213000000002,29.334127000000002,30.193621999999998,30.052371,30.253871000000004,30.349422999999998,31.210967999999998,32.016543,33.141396,33.646995000000004,34.442966,34.571789,34.188869,34.284006,35.454052000000004,36.299085,37.205143,38.075111,38.598578,39.071846,39.867012,40.717290999999996,41.486847,42.080123,42.332384000000005,
279,2029,,23.63289,23.439819,24.649161,27.281256,28.240989000000003,28.590593,29.375108,29.260321,29.444714,29.541639,30.331702000000003,31.071956,32.104026,32.580830999999996,33.315549,33.449869,33.119283,33.212913,34.303854,35.111917,35.996248,36.858275,37.391415,37.879407,38.712454,39.64399,40.558347,41.395767,42.050171,42.332384000000005
280,2030,,23.220567000000003,23.038109,24.182646,26.64102,27.517384000000003,27.844134000000004,28.5541,28.464462,28.631752000000002,28.729117,29.447475,30.121664000000003,31.059426000000002,31.504871,32.175837,32.312993,32.032558,32.123439000000005,33.129333,33.891617,34.740096,35.576392,36.104347,36.591469000000004,37.431207,38.396941,39.389476,40.374824,41.289165000000004,42.014553
281,2031,,22.807176000000002,22.635307,23.71487,25.999670000000002,26.793547999999998,27.097113,27.733414,27.667609999999996,27.817921999999996,27.914924,28.561937,29.169989,30.013057,30.425325,31.031171999999998,31.168940999999997,30.936290000000003,31.023431,31.940419,32.650382,33.452192,34.249045,34.760226,35.234322,36.056509999999996,37.01984,38.038742,39.097296,40.161408,41.163312
282,2032,,22.393334,22.232001,23.246647,25.358777,26.071417,26.351654999999997,26.915561999999998,26.872284999999998,27.005848999999998,27.101795000000003,27.678325,28.220743,28.969690000000003,29.347606,29.887921999999996,30.024461,29.837099,29.919725,30.7457,31.398723999999998,32.145848,32.892981,33.378547,33.830348,34.616545,35.54955,36.555239,37.629901000000004,38.759706,39.91127
283,2033,,21.979613,21.828735,22.77873,24.71976,25.352728,25.60966,26.102775,26.080728,26.197865,26.292167,26.799498,27.27727,27.933475,28.276411,28.75158,28.885382,28.740726000000002,28.818248999999998,29.552573,30.145656,30.832432,31.522447999999997,31.975861,32.398503999999996,33.135086,34.017016999999996,34.979953,36.028003999999996,37.160553,38.366887
284,2034,,21.566545,21.426019,22.311813,24.083904999999998,24.639035999999997,24.872826999999997,25.297026000000002,25.294934,25.396039000000002,25.4882,25.927970000000002,26.34249,26.908002000000003,27.215792999999998,27.626859000000003,27.756705,27.652127,27.724117,28.367368,28.898863000000002,29.521597999999997,30.149496000000003,30.566135,30.954756,31.632071999999997,32.448069,33.346906,34.337286,35.426631,36.618364
285,2035,,21.154623,21.024322,21.846534,23.452368,23.931725,24.142665,24.500052,24.516663,24.602195000000002,24.6918,25.065942,25.418941,25.896357000000002,26.169225,26.517771999999997,26.642694,26.575552000000002,26.641718,27.195467999999998,27.664846999999998,28.221488,28.784253000000003,29.16108,29.512458000000002,30.124115000000003,30.864116999999997,31.684148999999998,32.595181,33.608959000000006,34.736943
286,2036,,20.744304,20.624083,21.383482,22.826188000000002,23.232026,23.420509,23.713376,23.747467,23.817934,23.904641,24.215331,24.508814,24.901172,25.139665,25.427708,25.546957,25.51462,25.574785000000002,26.041415,26.449073,26.938910999999997,27.435153999999997,27.770431,28.082691999999998,28.624941999999997,29.282767,30.014621999999996,30.83212,31.748732,32.779703999999995
287,2037,,20.336011,20.225706,20.923196,22.206298,22.541025,22.707538,22.938323,22.988702,23.044657,23.128189000000003,23.377792000000003,23.613982999999998,23.924672,24.129603,24.3595,24.472514,24.472388,24.526474,24.909003,25.256082,25.679508,26.109161,26.402206,26.674564,27.145789,27.718358000000002,28.356909,29.0726,29.878889,30.791943
288,2038,,19.930132,19.829567,20.466169,21.593524,21.859676999999998,22.004783,22.17604,22.241548,22.283573999999998,22.363713,22.554747,22.736041,22.968717,23.141115,23.315488000000002,23.421864000000003,23.451407999999997,23.499419,23.801366,24.089606,24.447895000000003,24.811948,25.062928,25.295466,25.695739,26.182428,26.72588,27.336111,28.025454999999997,28.809176
289,2039,,19.527028,19.436009,20.012851,20.988603,21.188814999999998,21.31314,21.427507000000002,21.507025,21.535729999999997,21.612308,21.747403,21.876326000000002,22.034842,22.175907000000002,22.297573,22.397045000000002,22.453788,22.495795,22.721056,22.952667,23.247791,23.548072,23.757825,23.951313,24.282029,24.684123,25.133259,25.637923,26.208686,26.858831
290,2040,,19.127027,19.045351,19.563653,20.392184,20.529161,20.633385999999998,20.69356,20.786004000000002,20.802014,20.874909,20.956775,21.035943,21.124289,21.235356,21.307265,21.399684,21.481236,21.517367,21.670108,21.847658,22.082135,22.321115,22.491001999999998,22.646741,22.910312,23.230552,23.588108,23.989770999999998,24.44404,24.961685
291,2041,,18.730431,18.657885,19.118947,19.804835,19.881337,19.966181,19.974895,20.079223000000002,20.083176,20.152305,20.183704000000002,20.215792,20.238039999999998,20.320545000000003,20.345735,20.431048999999998,20.53511,20.565535999999998,20.650107000000002,20.776429,20.953186,21.133820999999998,21.2656,21.385289999999998,21.584885,21.827092999999998,22.097248999999998,22.400431,22.743005,23.133059
292,2042,,18.337518,18.273878,18.679071,19.227052,19.245867999999998,19.312087,19.272085999999998,19.387297,19.379835,19.445152,19.428871,19.416588,19.376848000000003,19.432298,19.413849,19.492088,19.616454,19.641382999999998,19.66224,19.740353,19.862610999999998,19.988211,20.08393,20.169565,20.308896,20.477665,20.665625,20.876228,21.113798000000003,21.383829000000002
293,2043,,17.948538,17.893575,18.244328,18.659262,18.623197,18.671569,18.585598,18.710731,18.6925,18.753985999999998,18.692818,18.638879,18.54126,18.571208,18.512207,18.583469,18.726041,18.745708999999998,18.707348,18.740389999999998,18.811573000000003,18.885684,18.947594,19.001366,19.084515,19.184959,19.296611,19.421453,19.561962,19.721277
294,2044,,17.563722,17.517198999999998,17.814989999999998,18.101829000000002,18.013686,18.04501,17.915792,18.049929000000002,18.02157,18.079235999999998,17.975957,17.883066,17.731641,17.737669,17.64118,17.705617999999998,17.8644,17.879063000000002,17.785972,17.777141,17.800794,17.827106,17.857588,17.881817,17.91309,17.950638,17.992282,18.038729,18.090861999999998,18.149791
295,2045,,17.183275,17.144951000000002,17.391301000000002,17.55506,17.417629,17.432710999999998,17.26294,17.405204,17.367353,17.421231,17.278589,17.149416,16.9482,16.931895,16.800933999999998,16.858745000000003,17.031848999999998,17.041779000000002,16.898392,16.8509,16.830623000000003,16.812894,16.814397,16.811472,16.795281,16.775513,16.753644,16.729322,16.702109,16.671457999999998
296,2046,,16.807385999999997,16.777014,16.973477,17.01921,16.835252,16.834906,16.627231,16.776787,16.730071,16.780213,16.60091,16.438082,16.191001,16.153945,15.99146,16.042876,16.228523000000003,16.234,16.044659,15.961695,15.901091000000001,15.843082,15.818079000000001,15.7904,15.731175,15.659688000000001,15.580829000000001,15.493397,15.395916,15.286553
297,2047,,16.436221,16.413553,16.561708,16.494482,16.266724,16.251765,16.008782,16.164835,16.109868,16.156344,15.943026000000001,15.749111,15.459989000000002,15.403744,15.212596,15.257879,15.454396,15.455707,15.224634,15.109331,15.011957999999998,14.917384,14.868326999999999,14.818275,14.720382999999998,14.602695,14.473260999999999,14.330242000000002,14.171391,13.993942
298,2048,,16.06993,16.054716,16.15616,15.981038,15.71216,15.683397,15.407642000000001,15.56944,15.506820999999999,15.549713,15.304960999999999,15.082460000000001,14.755002,14.681099,14.464051000000001,14.503480999999999,14.709303,14.706737,14.438011,14.293420000000001,14.162759,14.035247,13.964539000000002,13.89444,13.762134,13.603598999999999,13.429803,13.238454999999998,13.026785,12.791421000000001
299,2049,,15.708645,15.700632,15.756978,15.478998,15.171626999999999,15.129863,14.8238,14.99063,14.920945000000001,14.960347,14.686669,14.438004000000001,14.075785,13.985717000000001,13.745423,13.779295000000001,13.99296,13.986803,13.684344,13.513416000000001,13.352839999999999,13.195898999999999,13.105869,13.01797,12.855341000000001,12.661096,12.448871,12.216096,11.959699,11.675981
300,2050,,15.352484,15.351420000000001,15.364285,14.988445,14.645148,14.591173000000001,14.257197,14.428382999999998,14.352198999999999,14.388214999999999,14.088038000000001,13.815548999999999,13.422004000000001,13.317216,13.056215,13.084833,13.304982,13.295518,12.963071000000001,12.768639,12.581394,12.398388,12.291273,12.187727,11.998672000000001,11.773591999999999,11.528542999999999,11.260825,10.967252,10.644042
301,2051,,15.001547,15.007179,14.978185,14.509426000000001,14.132705999999999,14.067298000000001,13.707721,13.882629000000001,13.800494,13.833236999999999,13.508901999999999,13.214842,12.793256,12.675142999999998,12.395853,12.419524000000001,12.644896000000001,12.632403,12.273531,12.058301,11.847485,11.64162,11.519549000000001,11.4024,11.190602,10.93927,10.666637,10.370003,10.046223,9.691626
302,2052,,14.655923000000001,14.667998999999998,14.598764000000001,14.041960999999999,13.634248999999999,13.558169,13.175223999999998,13.353254000000002,13.265698,13.295285999999999,12.949046000000001,12.635572999999999,12.189081,12.058983999999999,11.763694000000001,11.782731,12.012161,11.996908,11.614983,11.381523,11.150082000000001,10.924389,10.789375999999999,10.660548,10.429461,10.15615,9.860793,9.540788000000001,9.193161,8.814509
303,2053,,14.315686,14.333955,14.226091,13.586038,13.149694,13.063683000000001,12.659517999999998,12.840109,12.747639,12.774194,12.408211,12.077391,11.608972,11.468169999999999,11.159046,11.173757,11.406171,11.388419,10.986621000000001,10.73736,10.488072,10.245402,10.099338000000001,9.960633999999999,9.71347,9.422138,9.108521000000001,8.770206,8.404484,8.008334
304,2054,,13.980898000000002,14.005111,13.860219,13.141622,12.678927999999999,12.58371,12.160386,12.343010000000001,12.246115,12.269763000000001,11.886103,11.539903,11.052381,10.902094,10.581173,10.591861999999999,10.826273,10.806274,10.38759,10.124808999999999,9.860285000000001,9.603303,9.447955,9.301051,9.040782,8.735064999999999,8.407263,8.055212,7.676547,7.268707000000001
305,2055,,13.651608999999999,13.68152,13.501185999999999,12.708655,12.221814,12.118089999999999,11.67758,11.861744,11.760891,11.78176,11.382396,11.022686,10.518728999999999,10.360113,10.029305,10.036271000000001,10.271778,10.249771,9.816993,9.542831,9.265511,8.996694999999999,8.833702,8.680146,8.409504,8.09272,7.754422999999999,7.392744,7.005706,6.591264999999999
306,2056,,13.327860000000001,13.363225,13.149019000000001,12.287057,11.778193,11.66664,11.210832,11.396073,11.291708999999999,11.309928,10.896737,10.52529,10.007408,9.841559,9.502649,9.506181,9.741962,9.718177,9.273908,8.990356,8.70251,8.424153,8.255028999999999,8.096245,7.817724,7.492883,7.147407,6.7797529999999995,6.388365,5.971736
307,2057,,13.009679,13.050258,12.80373,11.87673,11.347885,11.229159,10.759849,10.945739,10.838288,10.853987,10.42875,10.047242,9.517795,9.345742999999999,9.000392999999999,9.000772,9.236080000000001,9.210733,8.757391,8.466299000000001,8.170028,7.8842419999999995,7.710375,7.547664999999999,7.2635309999999995,6.933344,6.583647,6.213243,5.821008,5.405977
308,2058,,12.697088,12.742644,12.46532,11.477561,10.930693,10.805425,10.324323,10.510463,10.400328,10.413636,9.978041000000001,9.588052000000001,9.049248,8.871962,8.521716,8.519212,8.753372,8.726669000000001,8.266488,7.969564999999999,7.666805999999999,7.375526,7.1981850000000005,7.032732000000001,6.745028,6.411919999999999,6.060625,5.690293,5.300231,4.890003
309,2059,,12.390098,12.440397,12.133780999999999,11.089419,10.526407,10.395203,9.903933,10.089952,9.977516,9.988560000000001,9.544202,9.147217,8.601117,8.419504,8.065789,8.060661,8.293064999999999,8.265199,7.80024,7.499060000000001,7.191591000000001,6.89658,6.716918,6.549791,6.26035,5.926476999999999,5.5758849999999995,5.2080720000000005,4.822758,4.420014
310,2060,,12.088713,12.143526,11.809092,10.712162,10.134802,9.998244,9.498342,9.683898,9.569523,9.57843,9.126811,8.724225,8.172748,7.987653999999999,7.631786,7.624281,7.854384,7.8255360000000005,7.357689,7.053694999999999,6.743139,6.445996,6.265055,6.097214,5.80767,5.474933999999999,5.127052,4.763855,4.385461,3.992404
311,2061,,11.792928,11.852029,11.491226,10.345637,9.755642,9.614286,9.107208,9.291984,9.176012,9.182903999999999,8.725438,8.318553999999999,7.763481,7.575694,7.21888,7.209233,7.436551,7.406891000000001,6.9378839999999995,6.6323929999999995,6.320227,6.0223949999999995,5.84111,5.673414,5.385212,5.055276999999999,4.711836,4.355037,3.9853629999999995,3.60377
312,2062,,11.502732,11.565902000000001,11.180147,9.989678999999999,9.388683,9.24306,8.730176,8.913882000000001,8.796635,8.801634,8.339647,7.9296809999999995,7.372660000000001,7.182910000000001,6.826255000000001,6.8146889999999996,7.038792999999999,7.008478,6.539886,6.234094,5.921653,5.624428,5.443635,5.2768440000000005,4.991255000000001,4.665563,4.328042,3.9791300000000005,3.619646,3.250915
313,2063,,11.218108,11.28513,10.875810000000001,9.644115,9.033672,8.88429,8.366891,8.549259,8.431039,8.434264,7.968997,7.557081,6.999630000000001,6.808594,6.453105,6.4398290000000005,6.660341000000001,6.629517,6.162768,5.8577580000000005,5.546244000000001,5.250780000000001,5.0712209999999995,4.906006,4.624137,4.303929,3.9735739999999997,3.633777,3.285653,2.93085
314,2064,,10.939032000000001,11.009694999999999,10.578164,9.308766,8.690351,8.537692,8.01699,8.197776,8.078867,8.080432,7.613045,7.200228999999999,6.643746000000001,6.452044,6.098635,6.0838470000000004,6.3004370000000005,6.269241,5.8056209999999995,5.502368,5.192857,4.9001779999999995,4.722507,4.5594529999999995,4.28226,3.968589,3.646436,3.3167459999999997,2.980889,2.6407849999999997
315,2065,,10.665474,10.739573,10.287152,8.983443,8.358455000000001,8.202977,7.680110000000001,7.859091,7.739758999999999,7.739775,7.2713470000000004,6.858602,6.304366,6.11257,5.762065,5.745952,5.958336,5.926893,5.467557,5.166933,4.8603819999999995,4.571391,4.396179,4.2357949999999995,3.964093,3.657842,3.3447370000000003,3.025932,2.703018,2.378131
316,2066,,10.397401,10.474734,10.002711,8.667954,8.037718,7.879853999999999,7.355886,7.53286,7.413352000000001,7.411928,6.943460000000001,6.531683,5.980861,5.789495,5.442636,5.42537,5.633305,5.601729,5.14771,4.85049,4.547747,4.263229,4.090973,3.933694,3.668172,3.3700690000000004,3.066687,2.759358,2.449855,2.140485
317,2067,,10.134774,10.215144,9.724772,8.362103,7.727869,7.5680309999999995,7.043952,7.218738,7.099285000000001,7.0965229999999995,6.628945,6.21896,5.672614,5.482151999999999,5.139602,5.121345,5.3246269999999996,5.293023000000001,4.845237,4.5521080000000005,4.253915,3.9745519999999996,3.8056769999999998,3.651871,3.393102,3.103734,2.810594,2.515168,2.219369,1.925628
318,2068,,9.877547999999999,9.960764999999999,9.453261999999999,8.065688,7.428636999999999,7.267212,6.743946,6.916378999999999,6.797194999999999,6.793196000000001,6.3273660000000005,5.919928,5.379018,5.189893,4.85224,4.833144,5.031603,5.000066,4.559319,4.270883,3.9778870000000004,3.7042620000000004,3.539129,3.389106,3.137555,2.857382,2.574871,2.291626,2.0096700000000003,1.731513
319,2069,,9.625677,9.711556,9.188105,7.778507,7.139748,6.977100999999999,6.455506,6.625439,6.506724,6.501583999999999,6.038292,5.6340900000000005,5.099480000000001,4.912083999999999,4.579848,4.5600510000000005,4.753549,4.722167,4.289165000000001,4.005945,3.7187040000000002,3.451311,3.2902199999999997,3.144234,2.900271,2.629642,2.358022,2.08711,1.819004,1.556255
320,2070,,9.379109,9.467469,8.929217999999999,7.500354,6.860930000000001,6.697406,6.178276,6.345579,6.227514,6.221325,5.761297,5.360957,4.833424,4.6481069999999995,4.321741,4.301373,4.4898050000000005,4.458655,4.034008,3.7564559999999996,3.4754440000000004,3.2146939999999997,3.0578939999999997,2.916146,2.680056,2.4192169999999997,2.158646,1.900111,1.645752,1.398125
321,2071,,9.137791,9.228457,8.676517,7.231021000000001,6.59191,6.4278319999999995,5.911901,6.076459,5.959213,5.952063,5.4959620000000005,5.100054,4.580286,4.397362,4.077262,4.056441,4.239725,4.2088790000000005,3.79311,3.52161,3.247226,2.9934540000000003,2.841144,2.703791,2.475781,2.2248900000000003,1.9754330000000002,1.729222,1.488412,1.255536
322,2072,,8.901664,8.994466000000001,8.429916,6.970300999999999,6.332419,6.168089,5.656031,5.817744,5.701473,5.693445,5.241876,4.850911,4.339519999999999,4.159268,3.84577,3.824607,4.002688,3.972208,3.565758,3.3006330000000004,3.0332060000000003,2.786679,2.6390119999999997,2.506173,2.28638,2.045516,1.8071580000000003,1.573138,1.345604,1.127034
323,2073,,8.670668,8.765443,8.189323,6.717986,6.0821879999999995,5.917888,5.410324,5.569104,5.45395,5.445125,4.998636,4.613072,4.110594,3.9332599999999998,3.6266510000000003,3.6052449999999996,3.7780910000000003,3.7480330000000004,3.3512690000000003,3.092784,2.83258,2.593502,2.450593,2.322346,2.110848,1.880021,1.6526759999999998,1.430648,1.2160540000000002,1.011293
324,2074,,8.444742999999999,8.54133,7.954646,6.4738690000000005,5.840949,5.676944000000001,5.174441000000001,5.330214,5.216305,5.206758,4.765847,4.386092,3.892993,3.7187930000000002,3.41931,3.3977519999999997,3.56535,3.535764,3.148984,2.897353,2.6445790000000002,2.4130990000000003,2.275026,2.151418,1.9482380000000001,1.7273990000000001,1.510924,1.300632,1.098589,0.9071
325,2075,,8.223821000000001,8.322067,7.725791,6.237741000000001,5.608441,5.444975,4.948049,5.100753,4.988207,4.97801,4.543122,4.169539,3.6862190000000004,3.51534,3.223177,3.20155,3.3639059999999996,3.334835,2.9582740000000003,2.713661,2.468473,2.244688,2.111496,1.992547,1.7976599999999998,1.586708,1.38091,1.182052,0.992135,0.81335
326,2076,,8.007838000000001,8.107594,7.502661,6.009396,5.384402,5.221704,4.730824,4.880407,4.769329,4.758552,4.330083999999999,3.962991,3.48979,3.322393,3.0377009999999998,3.0160810000000002,3.1732169999999997,3.144698,2.7785330000000004,2.541061,2.3035650000000003,2.08753,1.959236,1.8449380000000002,1.65828,1.457069,1.2617120000000002,1.073951,0.8957040000000001,0.7290369999999999
327,2077,,7.796724,7.8978470000000005,7.28516,5.78863,5.168576,5.006857,4.5224459999999995,4.668867,4.559353,4.548058999999999,4.126366,3.766039,3.3032410000000003,3.139462,2.8623540000000003,2.84081,2.992763,2.964829,2.6091830000000003,2.378935,2.149197,1.940922,1.8175189999999999,1.707843,1.529312,1.33766,1.152476,0.9754440000000001,0.8083899999999999,0.653247
328,2078,,7.59041,7.692761,7.073188,5.575241,4.960712,4.800166,4.322604,4.465832,4.357966,4.346217,3.931611,3.5782870000000004,3.126122,2.9660740000000003,2.696632,2.675223,2.822045,2.794723,2.449672,2.226695,2.00474,1.8042029999999998,1.685661,1.580558,1.410023,1.227715,1.052408,0.885716,0.729366,0.585149
329,2079,,7.3888240000000005,7.4922699999999995,6.866646,5.369027,4.76056,4.601368,4.130994,4.271006,4.1648629999999995,4.152716000000001,3.7454690000000004,3.399349,2.958002,2.801775,2.540047,2.51883,2.66058,2.633893,2.299471,2.083781,1.8696009999999998,1.6767470000000002,1.563015,1.46242,1.2997239999999999,1.1265209999999999,0.960773,0.804017,0.6578729999999999,0.523987
330,2080,,7.191895,7.2963070000000005,6.665435,5.169789,4.567878,4.410203,3.947318,4.0841,3.979746,3.967256,3.5676019999999995,3.228854,2.798462,2.64613,2.392137,2.3711580000000003,2.507911,2.481877,2.1580779999999997,1.949661,1.7432159999999999,1.557963,1.448976,1.352808,1.197773,1.033415,0.876891,0.729657,0.5932189999999999,0.469077
331,2081,,6.999549000000001,7.1048029999999995,6.4694519999999995,4.977333,4.382425,4.226418,3.771287,3.904833,3.8023260000000003,3.789542,3.3976830000000002,3.066443,2.647103,2.49872,2.252455,2.231759,2.363594,2.338229,2.02501,1.8238279999999998,1.625053,1.447294,1.342971,1.2511379999999999,1.103568,0.9477780000000001,0.800132,0.6620010000000001,0.5347729999999999,0.4198
332,2082,,6.811711,6.917689,6.278597,4.7914639999999995,4.203969,4.049767,3.6026190000000002,3.732929,3.632318,3.6192900000000003,3.235393,2.911768,2.503539,2.359142,2.120577,2.100202,2.227209,2.202522,1.8998119999999998,1.705803,1.514608,1.344217,1.2444629999999999,1.156864,1.0165469999999999,0.8690370000000001,0.729917,0.6004659999999999,0.48195600000000005,0.37559499999999996
333,2083,,6.6283080000000005,6.734896000000001,6.0927690000000005,4.611993,4.032279,3.880007,3.44104,3.568121,3.469449,3.4562199999999996,3.080422,2.764493,2.3674009999999996,2.227013,1.996098,1.976076,2.0983490000000002,2.07435,1.7820470000000002,1.59513,1.411405,1.2482360000000001,1.15295,1.069474,0.9361879999999999,0.796659,0.6657069999999999,0.544517,0.43424399999999996,0.335954
334,2084,,6.4492650000000005,6.556352,5.911867,4.438733,3.867132,3.7169019999999997,3.2862839999999998,3.4101489999999997,3.313451,3.300062,2.932474,2.624295,2.2383319999999998,2.101962,1.878629,1.858988,1.9766299999999999,1.953323,1.671302,1.491377,1.314994,1.1588889999999998,1.067958,0.9884870000000001,0.8620030000000001,0.730151,0.607008,0.49366400000000005,0.391158,0.30041799999999996
335,2085,,6.274504,6.3819870000000005,5.735791000000001,4.2715,3.708309,3.560221,3.138092,3.2587580000000003,3.164063,3.150554,2.791257,2.490862,2.115993,1.983638,1.7678,1.748566,1.861682,1.8390689999999998,1.567182,1.3941350000000001,1.2249510000000001,1.0757379999999999,0.989042,0.9134549999999999,0.793535,0.669053,0.553362,0.447456,0.35226199999999996,0.268573
336,2086,,6.103952,6.211729,5.564438,4.110113,3.555595,3.40974,2.996213,3.113705,3.021034,3.007441,2.656495,2.363893,2.0000560000000003,1.871702,1.66326,1.644453,1.753152,1.731234,1.469315,1.3030190000000001,1.1408770000000001,0.998373,0.915789,0.843959,0.730362,0.612943,0.5043489999999999,0.405483,0.317159,0.240044
337,2087,,5.937532,6.045507,5.397711,3.954397,3.408783,3.2652400000000004,2.860403,2.974748,2.884118,2.870475,2.527915,2.2431,1.89021,1.765832,1.564673,1.546309,1.6507049999999999,1.629478,1.377346,1.217661,1.062394,0.9264100000000001,0.847809,0.779606,0.672089,0.561426,0.459582,0.367367,0.285489,0.214495
338,2088,,5.775168,5.883249,5.235508,3.804176,3.2676689999999997,3.1265080000000003,2.730427,2.841656,2.7530799999999997,2.739416,2.405259,2.128204,1.786156,1.665719,1.471718,1.453812,1.554019,1.5334809999999999,1.290937,1.137715,0.9891479999999999,0.8594870000000001,0.784738,0.720032,0.618351,0.514139,0.418704,0.332764,0.256925,0.191621
339,2089,,5.616784,5.724883999999999,5.077733,3.6592830000000003,3.132056,2.993337,2.606056,2.7142049999999998,2.627688,2.614033,2.2882740000000004,2.018938,1.6876060000000002,1.571069,1.384093,1.366655,1.462791,1.442934,1.20977,1.062856,0.9208040000000001,0.797266,0.726234,0.6648930000000001,0.568807,0.470746,0.381387,0.301359,0.231169,0.171148
340,2090,,5.4623040000000005,5.57034,4.924285,3.51955,3.00175,2.865526,2.487068,2.592177,2.507721,2.4941009999999997,2.17672,1.9150459999999998,1.594288,1.481601,1.301507,1.284546,1.3767280000000002,1.357545,1.133543,0.9927729999999999,0.857049,0.739429,0.671981,0.613873,0.5231399999999999,0.430937,0.347329,0.272863,0.207952,0.152829
341,2091,,5.311655,5.4195459999999995,4.775069,3.384815,2.8765650000000003,2.74288,2.37325,2.475361,2.392963,2.379403,2.070361,1.81628,1.50594,1.397047,1.2236850000000001,1.207207,1.295554,1.277036,1.061969,0.927176,0.797586,0.6856800000000001,0.621679,0.566674,0.48105699999999996,0.394424,0.316254,0.247013,0.187029,0.136442
342,2092,,5.164758999999999,5.27243,4.629988,3.2549200000000003,2.756318,2.625208,2.264396,2.363552,2.2832060000000003,2.269729,1.9689740000000002,1.722404,1.422312,1.317152,1.150367,1.134375,1.219006,1.201143,0.994777,0.8657889999999999,0.742139,0.63574,0.5750529999999999,0.523019,0.44228500000000004,0.360941,0.287907,0.22357,0.168178,0.12178699999999999
343,2093,,5.021543,5.128921,4.488948000000001,3.1297099999999998,2.640832,2.512327,2.160305,2.256554,2.17825,2.164875,1.872343,1.633192,1.343166,1.2416719999999999,1.081304,1.065799,1.146833,1.129614,0.9317110000000001,0.808355,0.690447,0.589348,0.531841,0.482651,0.406572,0.33024499999999996,0.262054,0.20231500000000002,0.151198,0.10868499999999999
344,2094,,4.881933,4.98895,4.351853,3.009034,2.529936,2.404058,2.060784,2.1541740000000003,2.0779009999999998,2.064647,1.7802580000000001,1.548425,1.268274,1.170376,1.01626,1.001243,1.078798,1.06221,0.8725290000000001,0.754627,0.6422640000000001,0.546261,0.491802,0.44533100000000003,0.373683,0.30211,0.23848200000000003,0.183048,0.135907,0.096973
345,2095,,4.745855000000001,4.8524449999999995,4.2186129999999995,2.892744,2.423463,2.3002279999999997,1.9656470000000001,2.05623,1.98197,1.968854,1.692521,1.467894,1.1974200000000002,1.1030440000000001,0.9550129999999999,0.9404819999999999,1.014674,0.998704,0.817,0.704377,0.5973609999999999,0.506252,0.454711,0.41083500000000006,0.343401,0.276327,0.216994,0.16558699999999998,0.12214100000000001,0.086507
346,2096,,4.613236,4.719339,4.089134,2.780696,2.321252,2.200671,1.8747150000000001,1.962543,1.890278,1.877314,1.608938,1.391401,1.130396,1.039464,0.89735,0.883301,0.954247,0.938882,0.7649100000000001,0.657388,0.5555220000000001,0.46910799999999997,0.420357,0.37895500000000004,0.31552600000000003,0.252705,0.19741,0.149767,0.109749,0.07715599999999999
347,2097,,4.484004,4.589561,3.9633269999999996,2.672752,2.223144,2.105223,1.7878150000000002,1.872941,1.8026490000000002,1.789852,1.529325,1.318754,1.067005,0.9794379999999999,0.8430700000000001,0.829499,0.8973129999999999,0.882539,0.7160529999999999,0.613455,0.516546,0.434629,0.388544,0.349499,0.28986999999999996,0.231067,0.179565,0.135435,0.098598,0.06880399999999999
348,2098,,4.358087,4.463043,3.841102,2.5687740000000003,2.12899,2.013728,1.704779,1.7872580000000002,1.7189159999999999,1.7062979999999999,1.4535049999999998,1.2497690000000001,1.00706,0.922776,0.791983,0.778884,0.843678,0.8294799999999999,0.670235,0.572388,0.480242,0.402631,0.35909,0.322288,0.266262,0.21125,0.16330799999999998,0.122455,0.08856499999999999,0.061346000000000005
349,2099,,4.235415,4.339718,3.722372,2.46863,2.03864,1.926033,1.625446,1.7053330000000002,1.638916,1.626488,1.381306,1.184272,0.9503809999999999,0.8692979999999999,0.743909,0.731275,0.7931600000000001,0.779523,0.6272760000000001,0.534004,0.44643299999999997,0.37294,0.33182399999999995,0.297155,0.24454299999999998,0.193104,0.1485,0.110702,0.07954,0.054686
350,2100,,4.115917,4.219518,3.6070510000000002,2.372191,1.9519540000000002,1.841993,1.549662,1.627014,1.562494,1.550265,1.312567,1.122096,0.896799,0.8188310000000001,0.6986760000000001,0.6865,0.745585,0.732494,0.5870029999999999,0.49813599999999997,0.414954,0.345394,0.306588,0.273946,0.22456399999999999,0.176492,0.135015,0.100062,0.071423,0.048742
