,Year,All forcings,Human,Natural,Anthropogenic tropospheric aerosol,Greenhouse gases,Land use,Orbital changes,Ozone,Solar,Volcanic,avg_solar,avg_human,avg_natural,avg_GHG,avg_Volcanic,avg_land,avg_Orbital,avg_Ozone,Annual_Mean,5-year_Mean,Observed,Deforestation,Greenhouse Gas
0,1880,287.50310744057606,287.5001591565669,287.4622098030836,287.3627998034349,287.50598302742264,287.4574722055826,287.43330690264236,-0.07995075161358045,-0.05994143310704203,0.011986239092550477,-0.05994143310704203,-0.22935638132850045,0.03399819608847565,-0.3510619339431855,0.011986239092550477,0.05351358184742594,-0.005149561515622736,-0.07995075161358045,-0.23,,-0.23,0.05351358184742594,-0.3510619339431855
1,1881,287.5535771337486,287.5475027778825,287.5020335494463,287.42748531663693,287.4923242940043,287.4045563473983,287.4071775393222,-0.08463411828415701,-0.04196064319228299,0.042056738198994026,-0.04196064319228299,-0.18201276001286715,0.07382194245116125,-0.36472066736155284,0.042056738198994026,0.0005977236631338201,-0.031278924835760336,-0.08463411828415701,-0.15,,-0.15,0.0005977236631338201,-0.36472066736155284
2,1882,287.5295911332808,287.46284359143664,287.4927501036103,287.42037810556525,287.45289771645685,287.43807676326975,287.42488354367725,-0.09386479613448273,-0.011272479000467683,0.039218566044382897,-0.011272479000467683,-0.26667194645875725,0.06453849661517097,-0.4041472449089838,0.039218566044382897,0.03411813953459841,-0.013572920480726225,-0.09386479613448273,-0.18,-0.21,-0.18,0.03411813953459841,-0.4041472449089838
3,1883,287.47406213400694,287.4934325302768,287.38568413628724,287.4490322553847,287.5001914648276,287.4576052911486,287.42344072491983,-0.08130936226694985,-0.023800913117440814,-0.02614269634733546,-0.023800913117440814,-0.23608300761861756,-0.04252747070790974,-0.3568534965382355,-0.02614269634733546,0.053646667413431715,-0.015015739238151582,-0.08130936226694985,-0.21,-0.22,-0.21,0.053646667413431715,-0.3568534965382355
4,1884,287.14724076947294,287.5627285464357,287.0774307667885,287.3731198874911,287.48797528434994,287.44026962214804,287.444116435922,-0.08434695236070411,0.015103014968417483,-0.3584114121892412,0.015103014968417483,-0.16678699145967357,-0.350780840206653,-0.36906967701588655,-0.3584114121892412,0.036310998412886875,0.005659971764032434,-0.08434695236070411,-0.29,-0.24,-0.29,0.036310998412886875,-0.36906967701588655
5,1885,287.18863288136305,287.56248714735045,287.11154522514727,287.3849581669455,287.47540094567336,287.4892503159212,287.4176693090721,-0.06714700214462255,0.07297948647874364,-0.3589920347789075,0.07297948647874364,-0.16702839054494234,-0.316666381847881,-0.38164401569247275,-0.3589920347789075,0.08529169218604693,-0.020787155085884024,-0.06714700214462255,-0.27,-0.27,-0.27,0.08529169218604693,-0.38164401569247275
6,1886,287.24772040244017,287.5948898407188,287.209625953545,287.4212548522185,287.5057988323272,287.47810514417625,287.4009319822283,-0.07500765877568938,0.03235414579461349,-0.23394384946323044,0.03235414579461349,-0.13462569717660244,-0.21858565345013403,-0.3512461290386568,-0.23394384946323044,0.07414652044110426,-0.0375244819296654,-0.07500765877568938,-0.26,-0.27,-0.26,0.07414652044110426,-0.3512461290386568
7,1887,287.3076575394921,287.5842067760235,287.2163033183686,287.3858480520362,287.5475423574421,287.47996301181615,287.4458774699101,-0.08722890653012882,-0.009900376843972936,-0.13783730289276264,-0.009900376843972936,-0.14530876187188824,-0.21190828862654598,-0.3095026039237041,-0.13783730289276264,0.07600438808100307,0.007421005752121346,-0.08722890653012882,-0.33,-0.23,-0.33,0.07600438808100307,-0.3095026039237041
8,1888,287.3727638287689,287.5285872918928,287.24254830074125,287.3503982360708,287.5115340633091,287.4768234035554,287.4516260476038,-0.058084524726950804,-0.018118145101084338,-0.09558638094893013,-0.018118145101084338,-0.20092824600260428,-0.18566330625390037,-0.3455108980567161,-0.09558638094893013,0.07286477982023598,0.013169583445801436,-0.058084524726950804,-0.21,-0.25,-0.21,0.07286477982023598,-0.3455108980567161
9,1889,287.38972576847806,287.52862295961324,287.2676527536322,287.3751787380763,287.4670057860545,287.47575015702284,287.3916535797075,-0.057187921687102516,-0.009847963779520796,-0.08656701968556035,-0.009847963779520796,-0.20089257828215068,-0.16055885336294295,-0.3900391753113581,-0.08656701968556035,0.07179153328769416,-0.04680288445047154,-0.057187921687102516,-0.11,-0.25,-0.11,0.07179153328769416,-0.3900391753113581
10,1890,287.3952004210428,287.5782467287452,287.24339915286123,287.42319519728443,287.4514486279537,287.4211399397347,287.4142017497664,-0.08455545612355309,-0.03534014130974583,-0.05505146922729409,-0.03534014130974583,-0.15126880915016727,-0.1848124541339189,-0.4055963334121202,-0.05505146922729409,0.01718131599955086,-0.02425471439158855,-0.08455545612355309,-0.34,-0.25,-0.34,0.01718131599955086,-0.4055963334121202
11,1891,287.3441088202298,287.54729248573125,287.268786252491,287.4288118316055,287.49966937487005,287.42961489428643,287.4595251590391,-0.07696595248131644,-0.02090493226290846,-0.10357974135649783,-0.02090493226290846,-0.18222305216414725,-0.15942535450415107,-0.3573755864957775,-0.10357974135649783,0.025656270551280613,0.021068694881137162,-0.07696595248131644,-0.27,-0.28,-0.27,0.025656270551280613,-0.3573755864957775
12,1892,287.34286346124804,287.55037670934763,287.30186504666005,287.38151383039923,287.5240529374864,287.44595619068906,287.42137477215164,-0.05986653362560901,-0.01724471654148374,-0.0982563952039186,-0.01724471654148374,-0.17913882854776375,-0.12634656033509373,-0.3329920238794557,-0.0982563952039186,0.04199756695390988,-0.01708169200634302,-0.05986653362560901,-0.32,-0.32,-0.32,0.04199756695390988,-0.3329920238794557
13,1893,287.48833163542304,287.5696668895624,287.3009006073096,287.4378157250595,287.4998274874916,287.4635994084291,287.4600774836823,-0.05072040238673026,-0.009493656410711537,-0.048149601154023,-0.009493656410711537,-0.15984864833296797,-0.12731099968556236,-0.3572174738742433,-0.048149601154023,0.059640784693954174,0.02162101952433204,-0.05072040238673026,-0.36,-0.31,-0.36,0.059640784693954174,-0.3572174738742433
14,1894,287.5464305002914,287.55963632418263,287.38309910450073,287.4166632748832,287.5355188921051,287.4302934033809,287.44708269356096,-0.019402758414969412,0.014534893575387287,-0.01772444485914093,0.014534893575387287,-0.16987921371276116,-0.045112502494419005,-0.3215260692607558,-0.01772444485914093,0.02633477964576514,0.00862622940297797,-0.019402758414969412,-0.33,-0.29,-0.33,0.02633477964576514,-0.3215260692607558
15,1895,287.57772161987236,287.504674443601,287.38000274012137,287.3949864466024,287.5520952927252,287.43708614643674,287.45809113621124,-0.04020268153675488,0.030680472916401413,0.050925791841223145,0.030680472916401413,-0.2248410942943906,-0.04820886687377879,-0.30494966864063144,0.050925791841223145,0.033127522701590806,0.019634672053257418,-0.04020268153675488,-0.26,-0.27,-0.26,0.033127522701590806,-0.30494966864063144
16,1896,287.5240477456805,287.51484422717107,287.4053391993076,287.4084705362375,287.5387062940618,287.4305168611855,287.46473016951086,-0.054047565294240485,0.00739761433538888,0.04014311644920099,0.00739761433538888,-0.2146713107243272,-0.022872407687543728,-0.31833866730403315,0.04014311644920099,0.026558237450331035,0.026273705352878096,-0.054047565294240485,-0.19,-0.26,-0.19,0.026558237450331035,-0.31833866730403315
17,1897,287.51166099509595,287.45817330815447,287.4054792373596,287.409094275268,287.5193399147912,287.41715876875344,287.44606903625044,-0.06487296976524703,-0.007827738305195453,0.04738277593054363,-0.007827738305195453,-0.2713422297409238,-0.022732369635548366,-0.3377050465746265,0.04738277593054363,0.013200145018288367,0.007612572092455139,-0.06487296976524703,-0.19,-0.23,-0.19,0.013200145018288367,-0.3377050465746265
18,1898,287.5494423645683,287.4952422465949,287.39071292182837,287.3944974362981,287.49482724746287,287.3814291694086,287.46570026691796,-0.04219456856162651,-0.012689912327459751,0.04965987449924114,-0.012689912327459751,-0.23427329130049657,-0.03749868516678134,-0.36221771390296453,0.04965987449924114,-0.022529454326559062,0.027243802759983282,-0.04219456856162651,-0.32,-0.21,-0.32,-0.022529454326559062,-0.36221771390296453
19,1899,287.5548406652888,287.52304300000225,287.3773872507527,287.4410636083166,287.5373376376506,287.3884351492936,287.49646935083456,-0.0718562024310927,0.014159956217952185,0.00736291118016652,0.014159956217952185,-0.20647253789314846,-0.05082435624245818,-0.31970732371524946,0.00736291118016652,-0.015523474441522467,0.058012886676579,-0.0718562024310927,-0.21,-0.22,-0.21,-0.015523474441522467,-0.31970732371524946
20,1900,287.5530588230044,287.5391027391421,287.4145922932033,287.4158992697488,287.53664547837144,287.4233068746774,287.4396992289148,-0.08379081191316118,-0.030807933123014664,0.10089030315322134,-0.030807933123014664,-0.1904127987533002,-0.013619313791821241,-0.3203994829943895,0.10089030315322134,0.019348250942243794,0.0012427647567960776,-0.08379081191316118,-0.16,-0.24,-0.16,0.019348250942243794,-0.3203994829943895
21,1901,287.5902551992537,287.5332376061056,287.44703898647657,287.39462699527365,287.50662875837946,287.39406878381465,287.49741726859935,-0.07185060670786925,-0.019515843400142785,0.06673687696087427,-0.019515843400142785,-0.1962779317897798,0.018827379481422213,-0.35041620298636644,0.06673687696087427,-0.009889839920504073,0.05896080444136942,-0.07185060670786925,-0.21,-0.25,-0.21,-0.009889839920504073,-0.35041620298636644
22,1902,287.55052912547256,287.53476140568716,287.45763570873726,287.4172542463558,287.5944533540692,287.41679188764374,287.4936350801112,-0.04656890947813963,-0.013351269185932324,0.022085361101517265,-0.013351269185932324,-0.19475413220823157,0.029424101742108633,-0.2625916072966561,0.022085361101517265,0.012833263908589743,0.05517861595319573,-0.04656890947813963,-0.31,-0.3,-0.31,0.012833263908589743,-0.2625916072966561
23,1903,287.3673362872592,287.55968970430297,287.2407727105352,287.43461102857776,287.51996675130886,287.4400722935618,287.49567931341187,-0.04090664673469746,-0.020410776579240064,-0.15663729181267172,-0.020410776579240064,-0.16982583359242653,-0.1874388964599234,-0.3370782100569727,-0.15663729181267172,0.036113669826647765,0.05722284925388976,-0.04090664673469746,-0.37,-0.33,-0.37,0.036113669826647765,-0.3370782100569727
24,1904,287.39718527129145,287.51880745292044,287.3059001061547,287.3962756123518,287.5701887414281,287.43034892736125,287.4447351209391,-0.029336852512415135,-0.025850600435489923,-0.10075392803651084,-0.025850600435489923,-0.21070808497495364,-0.12231150084045339,-0.2868562199377038,-0.10075392803651084,0.026390303626101286,0.00627865678109174,-0.029336852512415135,-0.45,-0.34,-0.45,0.026390303626101286,-0.2868562199377038
25,1905,287.4446716899031,287.4986020434309,287.3786021798262,287.4231033477006,287.60981517597577,287.4440333679468,287.4962364117026,-0.018506917109391452,-0.018191304519632467,-0.038728740675026074,-0.018191304519632467,-0.2309134944645166,-0.049609427168945786,-0.24722978539006135,-0.038728740675026074,0.04007474421166535,0.05777994754464544,-0.018506917109391452,-0.31,-0.37,-0.31,0.04007474421166535,-0.24722978539006135
26,1906,287.55033818606705,287.4661224913855,287.3524347925135,287.41279552355275,287.56364212185133,287.46489534028814,287.44465740236444,-0.01629271890703876,-0.0691255426526709,-0.006782612436381896,-0.0691255426526709,-0.26339304650991835,-0.07577681448162821,-0.2934028395144992,-0.006782612436381896,0.06093671655298749,0.006200938206461615,-0.01629271890703876,-0.27,-0.38,-0.27,0.06093671655298749,-0.2934028395144992
27,1907,287.53399689844866,287.550142733973,287.4018858868602,287.39237730983854,287.60354368898214,287.48804210647734,287.4587868388056,-0.008683582930245848,-0.039326272784364846,-0.021752927537647793,-0.039326272784364846,-0.17937280392237653,-0.026325720134934727,-0.25350127238368714,-0.021752927537647793,0.08408348274218724,0.020330374647642202,-0.008683582930245848,-0.43,-0.39,-0.43,0.08408348274218724,-0.25350127238368714
28,1908,287.5377356441258,287.54689791511794,287.3832957781076,287.3877515738408,287.5534341811004,287.4719845351285,287.4465946364427,-0.014579983129692664,-0.029719422776906868,-0.017120130374564724,-0.029719422776906868,-0.18261762277745675,-0.044915828887553744,-0.3036107802654442,-0.017120130374564724,0.068025911393363,0.008138172284702705,-0.014579983129692664,-0.44,-0.42,-0.44,0.068025911393363,-0.3036107802654442
29,1909,287.5850677379329,287.57801847434916,287.4149561998043,287.42146886687067,287.5369454514845,287.472567579323,287.4392523437174,-0.020906308728456224,-0.024978901337590287,0.04988726649855835,-0.024978901337590287,-0.1514970635462305,-0.013255407190854385,-0.32009950988134506,0.04988726649855835,0.06860895558787661,0.0007958795594049661,-0.020906308728456224,-0.48,-0.45,-0.48,0.06860895558787661,-0.32009950988134506
30,1910,287.5710537920873,287.5475163070797,287.4581867735577,287.4206852841592,287.5650785483895,287.4510028434041,287.4650303253302,-0.05185253500116005,0.0006789619118876544,0.03208795004030662,0.0006789619118876544,-0.18199923081567704,0.029975166562564937,-0.29196641297630777,0.03208795004030662,0.047044219668975984,0.026573861172209945,-0.05185253500116005,-0.47,-0.45,-0.47,0.047044219668975984,-0.29196641297630777
31,1911,287.62654908740024,287.58453290817323,287.52113528676057,287.4291512911348,287.57168909863424,287.41014441751787,287.45724901609674,-0.029785480410112086,-0.0026757319968737647,0.06528845933348748,-0.0026757319968737647,-0.1449826297221648,0.09292367976541982,-0.28535586273159197,0.06528845933348748,0.006185793782719884,0.01879255193875906,-0.029785480410112086,-0.45,-0.44,-0.45,0.006185793782719884,-0.28535586273159197
32,1912,287.5489375725702,287.51860578704606,287.4110514683849,287.43646586752806,287.5975713147345,287.43904699968965,287.41350101970835,-0.015829032919384645,-0.04744578719123638,0.07389906345775898,-0.04744578719123638,-0.21090975084933916,-0.017160138610222475,-0.25947364663130656,0.07389906345775898,0.035088375954501316,-0.02495544444963116,-0.015829032919384645,-0.42,-0.4,-0.42,0.035088375954501316,-0.25947364663130656
33,1913,287.4606639851664,287.5346691708839,287.3422896543055,287.4257953521742,287.641370023712,287.4472047932183,287.461039372102,-0.034463547967447994,-0.04433372169097538,-0.018740621031781757,-0.04433372169097538,-0.19484636701150748,-0.08592195268965952,-0.21567493765383006,-0.018740621031781757,0.04324616948315452,0.022582907944013186,-0.034463547967447994,-0.4,-0.34,-0.4,0.04324616948315452,-0.21567493765383006
34,1914,287.51335740241797,287.5755025945058,287.43351082654726,287.4385581084222,287.5871849412712,287.4646971747171,287.44253115219817,-0.04200934084025221,-0.027791443924513715,-0.007787906683461188,-0.027791443924513715,-0.1540129433896027,0.005299219552114209,-0.2698600200946544,-0.007787906683461188,0.060738550981966455,0.004074688040191177,-0.04200934084025221,-0.24,-0.32,-0.24,0.060738550981966455,-0.2698600200946544
35,1915,287.5562773681896,287.5490050265108,287.48833281554363,287.4440539322892,287.6058806654356,287.42873526579376,287.43206380657614,-0.017796991545651508,-0.028846985037375816,0.03950505926280812,-0.028846985037375816,-0.18051051138456842,0.060121208548480354,-0.2511642959302094,0.03950505926280812,0.024776642058611742,-0.006392657581841377,-0.017796991545651508,-0.17,-0.33,-0.17,0.024776642058611742,-0.2511642959302094
36,1916,287.5816399147208,287.56265635717443,287.5162813259846,287.4010435752412,287.5710453814751,287.4635959926634,287.4171048431522,0.018220993653073947,-0.06016100967690363,0.07500258157250528,-0.06016100967690363,-0.16685918072096229,0.08806971898945903,-0.2859995798907562,0.07500258157250528,0.0596373689282359,-0.02135162100580601,0.018220993653073947,-0.37,-0.31,-0.37,0.0596373689282359,-0.2859995798907562
37,1917,287.630934146459,287.52063463559955,287.5099767031716,287.4332333144989,287.5705777544041,287.5116070826173,287.42330816971685,0.007314908270871001,-0.028713622049508558,0.0208508154272522,-0.028713622049508558,-0.20888090229584577,0.08176509617646843,-0.28646720696173134,0.0208508154272522,0.10764845888212449,-0.015148294441132748,0.007314908270871001,-0.45,-0.32,-0.45,0.10764845888212449,-0.28646720696173134
38,1918,287.61197719267085,287.559117286646,287.4957394732453,287.3951904942161,287.60504110504564,287.50253581902143,287.420984700438,0.0029493491342691414,-0.005804120752600284,0.04211616367814486,-0.005804120752600284,-0.1703982512493667,0.06752786625014551,-0.2520038563201865,0.04211616367814486,0.09857719528628195,-0.017471763719981936,0.0029493491342691414,-0.32,-0.34,-0.32,0.09857719528628195,-0.2520038563201865
39,1919,287.6341380915912,287.6004680403274,287.4832356433013,287.3991543675685,287.635986136702,287.45448518150323,287.4509707053317,-0.064922390795914,0.011707834545063633,0.022029944021255687,0.011707834545063633,-0.12904749756796718,0.055024036306178914,-0.2210588246638281,0.022029944021255687,0.05052655776808024,0.012514241173732898,-0.064922390795914,-0.3,-0.31,-0.3,0.05052655776808024,-0.2210588246638281
40,1920,287.626181175087,287.5839157782359,287.44102091592447,287.50116869426967,287.58681606237394,287.4907082291767,287.4079415562312,-0.07182260729831569,-0.0019746270734231075,0.007724220469640386,-0.0019746270734231075,-0.1455997596594898,0.012809308929320196,-0.2702288989918884,0.007724220469640386,0.08674960544152555,-0.03051490792677214,-0.07182260729831569,-0.28,-0.28,-0.28,0.08674960544152555,-0.2702288989918884
41,1921,287.5935334407332,287.5845893108047,287.4331680087091,287.37418294048746,287.6126044632412,287.42188308593916,287.40047621956415,-0.01258110218816455,-0.03970736939913877,0.07017650174117307,-0.03970736939913877,-0.14492622709070702,0.004956401713968717,-0.244440498124618,0.07017650174117307,0.01792446220400734,-0.03798024459382532,-0.01258110218816455,-0.21,-0.27,-0.21,0.01792446220400734,-0.244440498124618
42,1922,287.62710298696504,287.5969931776636,287.4309510417822,287.4200676383358,287.62253630574816,287.42649085218443,287.40145616797474,-0.053369160614408884,-0.026067382384837856,0.08098145411833002,-0.026067382384837856,-0.1325223602318033,0.002739434787031314,-0.23450865561767387,0.08098145411833002,0.022532228449279046,-0.03700029618323697,-0.053369160614408884,-0.3,-0.26,-0.3,0.022532228449279046,-0.23450865561767387
43,1923,287.6740661422642,287.6236089345668,287.4531724792816,287.41054098993163,287.6417969673299,287.4549647928899,287.3694841597565,0.01802824123467417,0.032334312026023326,0.10700482725513893,0.032334312026023326,-0.1059066033286058,0.02496087228644228,-0.21524799403590578,0.10700482725513893,0.051006169154732106,-0.06897230440148405,0.01802824123467417,-0.27,-0.25,-0.27,0.051006169154732106,-0.21524799403590578
44,1924,287.65888602486234,287.5971978892294,287.46085065767124,287.4353478491174,287.62315336903254,287.4567946927263,287.40882929960577,-0.034399176935323794,-0.0067288965178136095,0.033925482004349305,-0.0067288965178136095,-0.13231764866600315,0.03263905067609585,-0.23389159233329337,0.033925482004349305,0.052836068991155116,-0.029627164552209706,-0.034399176935323794,-0.25,-0.23,-0.25,0.052836068991155116,-0.23389159233329337
45,1925,287.64990967909216,287.65805565091,287.5440579546233,287.41364430887705,287.6496248487081,287.4309022771505,287.39523599077125,-0.025518091378955887,-0.010398770488961873,0.07042920505000438,-0.010398770488961873,-0.0714598869853944,0.11584634762817814,-0.20742011265775773,0.07042920505000438,0.026943653415344215,-0.04322047338672519,-0.025518091378955887,-0.23,-0.21,-0.23,0.026943653415344215,-0.20742011265775773
46,1926,287.6187028015477,287.6561494197345,287.4995656160794,287.3823020097969,287.68162866328726,287.47489675763364,287.4125263121704,-0.03870924050664826,0.021049375830727968,0.06051344701648986,0.021049375830727968,-0.07336611816089089,0.07135400908424572,-0.17541629807857362,0.06051344701648986,0.07093813389849402,-0.025930151987552108,-0.03870924050664826,-0.11,-0.19,-0.11,0.07093813389849402,-0.17541629807857362
47,1927,287.6660791077648,287.6158836952904,287.4595292162495,287.3965017992311,287.6574602404452,287.36232140366144,287.4520886319041,-0.018072207237594284,-0.05205427656454731,0.04949175577888809,-0.05205427656454731,-0.11363184260500248,0.03131760925435856,-0.1995847209206545,0.04949175577888809,-0.04163722007371007,0.013632167746095547,-0.018072207237594284,-0.2,-0.2,-0.2,-0.04163722007371007,-0.1995847209206545
48,1928,287.66526008000716,287.63392387375563,287.43405864385807,287.3774463187896,287.64686691116236,287.44921480319067,287.42641083324526,-0.018760374589476214,-0.005041557351830761,0.09259195604744264,-0.005041557351830761,-0.09559166413976072,0.005847036862917321,-0.21017805020346714,0.09259195604744264,0.04525617945552085,-0.012045630912723482,-0.018760374589476214,-0.17,-0.18,-0.17,0.04525617945552085,-0.21017805020346714
49,1929,287.6392705785469,287.6522901417802,287.4452533035828,287.41315155964764,287.7514567764585,287.4645788053748,287.4235210519388,-0.06968768366556333,-0.029354988703460094,0.05189181561428313,-0.029354988703460094,-0.07722539611518187,0.017041696587625665,-0.10558818490733302,0.05189181561428313,0.06062018163964922,-0.014935412219188038,-0.06968768366556333,-0.32,-0.18,-0.32,0.06062018163964922,-0.10558818490733302
50,1930,287.66812260031804,287.61559376105566,287.4707868180718,287.36803607880245,287.6722545185897,287.3989277474765,287.4159220009958,-0.03795158811914234,-0.0074985146898143284,0.06753462759593276,-0.0074985146898143284,-0.11392177683973159,0.04257521107666662,-0.18479044277614776,0.06753462759593276,-0.005030876258672379,-0.02253446316217378,-0.03795158811914234,-0.13,-0.16,-0.13,-0.005030876258672379,-0.18479044277614776
51,1931,287.66997403638777,287.6376512703719,287.4119419782095,287.39022038785635,287.6702896496425,287.43476849520636,287.44357379588877,-0.027425796879697373,-0.005778634049420361,0.017492494180885387,-0.005778634049420361,-0.09186426752347643,-0.016269628785664736,-0.18675531172334559,0.017492494180885387,0.030809871471205952,0.0051173317307871,-0.027425796879697373,-0.08,-0.18,-0.08,0.030809871471205952,-0.18675531172334559
52,1932,287.668401180449,287.645626710298,287.396917323048,287.3449865686602,287.72841179597754,287.43106619856263,287.4035765491798,-0.018616019185230925,-0.03335722949390174,-0.0019328238898879135,-0.03335722949390174,-0.08388882759737726,-0.031294283947147505,-0.12863316538829395,-0.0019328238898879135,0.027107574827482495,-0.034879914978205306,-0.018616019185230925,-0.11,-0.13,-0.11,0.027107574827482495,-0.12863316538829395
53,1933,287.657474295292,287.63319717439026,287.4706554708815,287.36238636154184,287.75797915906423,287.4728952072734,287.4312632373028,-0.017552449670233727,-0.019102156129065406,0.005485968763025539,-0.019102156129065406,-0.09631836350513368,0.04244386388637622,-0.09906580230159534,0.005485968763025539,0.06893658353823184,-0.007193226855179091,-0.017552449670233727,-0.26,-0.14,-0.26,0.06893658353823184,-0.09906580230159534
54,1934,287.712890234112,287.6358336643443,287.48193051741237,287.3922999492986,287.7188846090311,287.4737919491812,287.44213871376763,0.0008291026684332792,-0.04426934368603952,0.06357081947908227,-0.04426934368603952,-0.09368187355107693,0.0537189104172171,-0.13816035233475077,0.06357081947908227,0.06983332544604082,0.003682249609653354,0.0008291026684332792,-0.1,-0.15,-0.1,0.06983332544604082,-0.13816035233475077
55,1935,287.6724698094058,287.6464157980551,287.49484078148123,287.3575719848769,287.70277734353454,287.41373984147447,287.3981925422136,-0.02264477457663361,-0.0055649912465014495,0.023883660248884553,-0.0055649912465014495,-0.08309973984029284,0.06662917448608141,-0.1542676178312945,0.023883660248884553,0.009781217739316617,-0.04026392194435857,-0.02264477457663361,-0.16,-0.12,-0.16,0.009781217739316617,-0.1542676178312945
56,1936,287.6894182196813,287.6533077724954,287.4556139892828,287.3466801212452,287.74573370087467,287.43294284580526,287.43056310432377,-0.03719014503366225,0.020276089737023995,0.01250947837820604,0.020276089737023995,-0.07620776539999952,0.027402382287675664,-0.11131126049116347,0.01250947837820604,0.028984222070107535,-0.007893359834213243,-0.03719014503366225,-0.11,-0.06,-0.11,0.028984222070107535,-0.11131126049116347
57,1937,287.7210243138756,287.67888276452726,287.4857701939748,287.3413609113721,287.73393895405377,287.3832726166089,287.4643587439012,0.0017225993505576298,0.016354789904198697,0.03314236774434676,0.016354789904198697,-0.050632773368135986,0.05755858697966687,-0.12310600731206023,0.03314236774434676,-0.02068600712624402,0.02590227974320669,0.0017225993505576298,0.03,-0.04,0.03,-0.02068600712624402,-0.12310600731206023
58,1938,287.7444619497478,287.6435500507656,287.52076912367374,287.3763678274686,287.75826014305505,287.44218759581946,287.4288837668531,0.0226061831857578,-0.01190126123714208,0.019178776114472385,-0.01190126123714208,-0.08596548712978347,0.09255751667859613,-0.09878481831077579,0.019178776114472385,0.03822897208431186,-0.009572697304861322,0.0226061831857578,0.05,0.0,0.05,0.03822897208431186,-0.09878481831077579
59,1939,287.7411034918145,287.6253526778438,287.51819561157606,287.37432198479326,287.7277403121138,287.48052441786547,287.42443489373363,-0.023150805541490627,-0.021106386235885566,0.014867836550934044,-0.021106386235885566,-0.10416286005158781,0.08998400458091282,-0.12930464925204888,0.014867836550934044,0.0765657941303175,-0.014021570424347374,-0.023150805541490627,0.0,0.04,0.0,0.0765657941303175,-0.12930464925204888
60,1940,287.7518128988194,287.66071483982626,287.48163971225324,287.36793463247915,287.7202488156398,287.45470155577755,287.4486003304341,-0.03890638932858792,0.0007011280963524769,0.10520975507108687,0.0007011280963524769,-0.0688006980691398,0.05342810525809227,-0.1367961457260094,0.10520975507108687,0.05074293204239666,0.010143866276109748,-0.03890638932858792,0.06,0.04,0.06,0.05074293204239666,-0.1367961457260094
61,1941,287.8122319907184,287.71476615564745,287.4865008105045,287.3464692853248,287.7653714193526,287.4275503932803,287.4567770294809,0.003615473707611727,-0.014926385863077485,0.033560479322432,-0.014926385863077485,-0.014749382247941867,0.05828920350933231,-0.09167354201321132,0.033560479322432,0.023591769545134866,0.01832056532293791,0.003615473707611727,0.07,0.05,0.07,0.023591769545134866,-0.09167354201321132
62,1942,287.7858607075046,287.66332674226373,287.4408586146442,287.36271615008343,287.77081399245174,287.39149262520374,287.4571003559855,-0.009116264085264447,-0.03151663428792517,0.014448070743469543,-0.03151663428792517,-0.06618879563166047,0.012647007649036368,-0.08623096891409432,0.014448070743469543,-0.01246599853141106,0.018643891827537118,-0.009116264085264447,0.05,0.07,0.05,-0.01246599853141106,-0.08623096891409432
63,1943,287.7622225568602,287.6008984095228,287.45755186387686,287.36631958013106,287.79211440404424,287.4351557049764,287.4401840012398,0.017968468828712503,0.002832025410270944,0.06677527889263501,0.002832025410270944,-0.1286171283725821,0.029340256881710047,-0.06493055732158837,0.06677527889263501,0.03119708124125964,0.0017275370818197189,0.017968468828712503,0.05,0.06,0.05,0.03119708124125964,-0.06493055732158837
64,1944,287.72861584920093,287.63835145129735,287.5220322285095,287.34095369513614,287.7785110909978,287.4072791073019,287.4116020194745,0.03956528797033343,-0.02909533367142103,0.03155606169485736,-0.02909533367142103,-0.09116408659804165,0.09382062151433956,-0.07853387036800541,0.03155606169485736,0.003320483566767507,-0.026854444683465317,0.03956528797033343,0.13,0.03,0.13,0.003320483566767507,-0.07853387036800541
65,1945,287.72861881673526,287.6584806824264,287.5206786879466,287.3461142859195,287.7546275314988,287.40394550059625,287.42198549366424,0.04195371341319287,-0.06251713561363204,0.02176693030730803,-0.06251713561363204,-0.07103485546900856,0.09246708095145095,-0.10241742986704594,0.02176693030730803,-1.3123138899118203e-05,-0.016470970493742243,0.04195371341319287,0.0,0.01,0.0,-1.3123138899118203e-05,-0.10241742986704594
66,1946,287.69965821313,287.7295250993502,287.52902303322367,287.3472557998144,287.8033835833335,287.4123830413932,287.40049946889997,0.021467382168907534,-0.03909734811679755,0.013027179767505004,-0.03909734811679755,9.561454817230697e-06,0.10081142622851758,-0.05366137803230231,0.013027179767505004,0.008424417658034145,-0.0379569952580141,0.021467382168907534,-0.08,-0.02,-0.08,0.008424417658034145,-0.05366137803230231
67,1947,287.7208162399659,287.7295871080873,287.5499253357054,287.3658913893464,287.8626309221221,287.4397017320832,287.3709099786591,0.03113002504034057,0.0022501586090015735,0.028815381972208343,0.0022501586090015735,7.157019189207858e-05,0.12171372871023323,0.00558596075626383,0.028815381972208343,0.03574310834807193,-0.06754648549889453,0.03113002504034057,-0.05,-0.07,-0.05,0.03574310834807193,0.00558596075626383
68,1948,287.73875717142494,287.6878886684991,287.5193572961865,287.3230676288959,287.79652311751573,287.39802903286153,287.4140521282635,-0.002662598753943257,-0.020452543243322907,0.04637514861809677,-0.020452543243322907,-0.04162686939628202,0.09114568919136445,-0.06052184385009696,0.04637514861809677,-0.005929590873620327,-0.02440433589447366,-0.002662598753943257,-0.11,-0.11,-0.11,-0.005929590873620327,-0.06052184385009696
69,1949,287.7195287983058,287.6474152988948,287.5440095351638,287.3098147957832,287.81147791469687,287.38551941061814,287.45818252162684,0.04486363257450421,0.00916061774313448,0.07001335164466127,0.00916061774313448,-0.0821002390005674,0.11579792816866075,-0.04556704666896394,0.07001335164466127,-0.018439213117005693,0.01972605746885847,0.04486363257450421,-0.12,-0.1,-0.12,-0.018439213117005693,-0.04556704666896394
70,1950,287.7224640153474,287.6862986568223,287.54563491753987,287.313615815997,287.77263239074404,287.39237002577477,287.41461506977765,0.016315519447061888,0.04475819695642258,0.09575954182901114,0.04475819695642258,-0.04321688107307864,0.11742331054472288,-0.08441257062179375,0.09575954182901114,-0.01158859796038314,-0.02384139438032662,0.016315519447061888,-0.19,-0.09,-0.19,-0.01158859796038314,-0.08441257062179375
71,1951,287.68493882818274,287.6865420848642,287.5246480138068,287.30088565024886,287.7522392985456,287.39846140417194,287.3890861740307,-0.009173176824162965,-0.010579269241588918,0.052218793268707486,-0.010579269241588918,-0.04297345303120892,0.09643640681167653,-0.10480566282024029,0.052218793268707486,-0.005497219563210365,-0.04937029012728544,-0.009173176824162965,-0.06,-0.05,-0.06,-0.005497219563210365,-0.10480566282024029
72,1952,287.6658051232708,287.6811047734272,287.47321551937716,287.30760137137236,287.8127756154898,287.4316038275187,287.44898212782834,-0.014771481598756964,0.0380038238099587,0.019760964528870772,0.0380038238099587,-0.04841076446820125,0.04500391238201473,-0.04426934587604592,0.019760964528870772,0.027645203783549732,0.010525663670364338,-0.014771481598756964,0.01,-0.05,0.01,0.027645203783549732,-0.04426934587604592
73,1953,287.6895385610793,287.6668190293596,287.4831993294421,287.2979699491283,287.78434609676947,287.39143166310475,287.44463516568857,0.02402492997094896,0.02715278190726167,0.07859519152896155,0.02715278190726167,-0.06269650853579378,0.05498772244692418,-0.07269886459636155,0.07859519152896155,-0.012526960630395934,0.00617870153058675,0.02402492997094896,0.08,-0.04,0.08,-0.012526960630395934,-0.07269886459636155
74,1954,287.67211027150483,287.6716165945463,287.4968911458142,287.2532642423666,287.8325751968265,287.40174549281767,287.41446802527423,-0.01711353260452597,-0.022132342248426085,0.09415933140445532,-0.022132342248426085,-0.057898943349073306,0.06867953881902622,-0.024469764539333028,0.09415933140445532,-0.002213130917482431,-0.02398843888374813,-0.01711353260452597,-0.12,-0.07,-0.12,-0.002213130917482431,-0.024469764539333028
75,1955,287.7293841443969,287.6434856751824,287.47332464143136,287.2804631321302,287.777115012941,287.3907692893593,287.40792248865057,-0.01437454094406121,0.006420502604100875,0.06297114499392364,0.006420502604100875,-0.08602986271301916,0.04511303443621273,-0.07992994842481949,0.06297114499392364,-0.013189334375852013,-0.030533975507410105,-0.01437454094406121,-0.13,-0.06,-0.13,-0.013189334375852013,-0.07992994842481949
76,1956,287.7138069148142,287.61881062522303,287.530982387896,287.2597872363982,287.78325128632844,287.34445777474997,287.4123622928825,0.017656597555514963,0.09873024812600306,0.08212214055686218,0.09873024812600306,-0.11070491267236093,0.10277078090086889,-0.07379367503739331,0.08212214055686218,-0.05950084898518071,-0.02609417127547431,0.017656597555514963,-0.18,-0.07,-0.18,-0.05950084898518071,-0.07379367503739331
77,1957,287.74287435250164,287.6303622601248,287.51726327926633,287.2592023993423,287.8595197894645,287.3938202474163,287.4270529748377,0.0540590175868374,0.08372034254341543,0.08915870893736155,0.08372034254341543,-0.09915327777059701,0.08905167227118227,0.0024748280986841564,0.08915870893736155,-0.010138376318877818,-0.011403489320287008,0.0540590175868374,0.03,-0.04,0.03,-0.010138376318877818,0.0024748280986841564
78,1958,287.7877668880326,287.6578864544022,287.50710957533715,287.24878586232427,287.84139211756207,287.3907435059233,287.42352852618365,0.04703973888155133,0.033543913990683905,0.12588870620368198,0.033543913990683905,-0.07162908349317831,0.07889796834200524,-0.01565284380376397,0.12588870620368198,-0.01321511781185336,-0.014927937974334782,0.04703973888155133,0.05,-0.02,0.05,-0.01321511781185336,-0.01565284380376397
79,1959,287.7769399092883,287.6803535488156,287.50397395078653,287.24737280968094,287.82087606194665,287.42227857639165,287.3831336495719,0.025883789989848083,0.01721067273109611,0.11937859665704309,0.01721067273109611,-0.04916198907977787,0.07576234379138214,-0.03616889941918089,0.11937859665704309,0.018319952656497662,-0.05532281458607713,0.025883789989848083,0.03,0.02,0.03,0.018319952656497662,-0.03616889941918089
80,1960,287.7308318199296,287.6930601006481,287.5475973781763,287.24747732329695,287.89525461668825,287.4019426592957,287.4312318940676,0.01795966210431743,-0.0024022815921966867,0.06650750742767286,-0.0024022815921966867,-0.03645543724729805,0.11938577118115745,0.03820965532241871,0.06650750742767286,-0.0020159644394652787,-0.007224570090386351,0.01795966210431743,-0.04,0.03,-0.04,-0.0020159644394652787,0.03820965532241871
81,1961,287.7961332614089,287.7365461111894,287.5281506759856,287.2531963919479,287.8754070092686,287.3965416101825,287.4210463597067,0.04383598819231338,0.04581824299617665,-0.005449156494989893,0.04581824299617665,0.0070305732940028065,0.09993906899046578,0.018362047902769518,-0.005449156494989893,-0.007417013552640128,-0.017410104451300867,0.04383598819231338,0.06,0.03,0.06,-0.007417013552640128,0.018362047902769518
82,1962,287.7995911469636,287.6865781032274,287.51533721757625,287.2631388644244,287.91152057285836,287.37653750703095,287.41367340423596,0.03513686060148302,0.046290400155896805,0.00014125336974757374,0.046290400155896805,-0.042937434667976504,0.08712561058109713,0.05447561149253488,0.00014125336974757374,-0.027421116704203996,-0.024783059922015127,0.03513686060148302,0.04,-0.01,0.04,-0.027421116704203996,0.05447561149253488
83,1963,287.73257355065965,287.7168099984573,287.4689964980877,287.2533524100884,287.9114404556574,287.37478340773987,287.4538614712832,-0.004719700788712089,0.05375045506104925,-0.07109852976964248,0.05375045506104925,-0.01270553943811592,0.04078489109252814,0.05439549429155477,-0.07109852976964248,-0.029175215995280723,0.01540500712519588,-0.004719700788712089,0.08,-0.02,0.08,-0.029175215995280723,0.05439549429155477
84,1964,287.5480618373331,287.72232400004174,287.27660592928623,287.2340126959568,287.93455188433137,287.38586971707093,287.47983119415926,0.00533384203197329,0.010869019525159729,-0.16887061790021107,0.010869019525159729,-0.007191537853657337,-0.15160567770891475,0.07750692296554007,-0.16887061790021107,-0.01808890666421803,0.04137473000128011,0.00533384203197329,-0.2,-0.04,-0.2,-0.01808890666421803,0.07750692296554007
85,1965,287.5616570760086,287.75539568695467,287.29956282918204,287.22376953172994,287.88075949257995,287.32771005959546,287.46234030860444,0.030014073186578116,0.011390745376957057,-0.15832712352153067,0.011390745376957057,0.025880149059275936,-0.1286487778131118,0.023714531214125145,-0.15832712352153067,-0.07624856413968928,0.02388384444645908,0.030014073186578116,-0.1,-0.05,-0.1,-0.07624856413968928,0.023714531214125145
86,1966,287.62497763423744,287.7019982174438,287.36607315463164,287.22663867335683,287.89078757230243,287.3337828644868,287.47350664106966,0.02100483282691812,0.01648063525379939,-0.16065028294087824,0.01648063525379939,-0.027517320451579508,-0.0621384523635129,0.03374261093659925,-0.16065028294087824,-0.07017575924834318,0.035050176911681774,0.02100483282691812,-0.04,-0.08,-0.04,-0.07017575924834318,0.03374261093659925
87,1967,287.6730353351452,287.7035488733855,287.43171858185764,287.2155407533239,287.92808589680925,287.35235573992094,287.4817509377516,0.03353872399947022,-0.008497170235443718,-0.09567399693389689,-0.008497170235443718,-0.0259666645098946,0.0035069748624891872,0.0710409354434205,-0.09567399693389689,-0.051602883814211964,0.04329447359361893,0.03353872399947022,-0.01,-0.03,-0.01,-0.051602883814211964,0.0710409354434205
88,1968,287.71846361730064,287.7545543505189,287.4097432327595,287.22013027926175,287.9749803785852,287.366563827694,287.4385121332312,0.06439740911207537,0.040334190731641684,-0.07380940580804918,0.040334190731641684,0.0250388126235066,-0.018468374235624196,0.11793541721937117,-0.07380940580804918,-0.03739479604115559,5.566907321963299e-05,0.06439740911207537,-0.05,0.0,-0.05,-0.03739479604115559,0.11793541721937117
89,1969,287.7079620875307,287.8198722289251,287.41901454896424,287.2369952675365,288.02285801604893,287.36565667175654,287.414485112222,0.03767276794320651,0.021864729890182844,-0.06717042658499395,0.021864729890182844,0.09035669102968313,-0.009197058030906646,0.16581305468309893,-0.06717042658499395,-0.038301951978610305,-0.023971351935983876,0.03767276794320651,0.06,0.0,0.06,-0.038301951978610305,0.16581305468309893
90,1970,287.75748178968223,287.8019093067611,287.4172565752318,287.21593820585474,288.026800556377,287.3497248499742,287.4199145780241,0.0062300705587290395,0.013447588232168073,-0.08038443556858965,0.013447588232168073,0.07239376886570881,-0.01095503176333068,0.16975559501116777,-0.08038443556858965,-0.054233773760927306,-0.018541886133903063,0.0062300705587290395,0.04,0.0,0.04,-0.054233773760927306,0.16975559501116777
91,1971,287.7931113765408,287.8385153169852,287.42773138727574,287.2225794507021,288.0893587396907,287.33192480619283,287.45105987960534,0.03820505255083617,0.010930527669131607,0.02774521265604335,0.010930527669131607,0.10899977908979963,-0.0004802197194067048,0.23231377832485123,0.02774521265604335,-0.07203381754231941,0.012603415447358657,0.03820505255083617,-0.06,0.04,-0.06,-0.07203381754231941,0.23231377832485123
92,1972,287.83457283967044,287.8339504217817,287.492112113678,287.21094536822204,288.1141235698054,287.34503634320646,287.46697308196656,0.03503478659263237,0.02364732377151313,0.04191152592363778,0.02364732377151313,0.10443488388631295,0.06390050668284175,0.2570786084395422,0.04191152592363778,-0.05892228052869086,0.028516617808577394,0.03503478659263237,0.02,0.02,0.02,-0.05892228052869086,0.2570786084395422
93,1973,287.8543320316473,287.8148919475517,287.49973485037236,287.18365769483296,288.09020203480077,287.324708462722,287.4396582064675,0.04709129370019127,0.01208721404748303,0.06168691141613181,0.01208721404748303,0.08537640965630544,0.07152324337721438,0.2331570734349384,0.06168691141613181,-0.07925016101313531,0.0012017423095471713,0.04709129370019127,0.16,0.01,0.16,-0.07925016101313531,0.2331570734349384
94,1974,287.856669370393,287.8401566516369,287.5027195709548,287.2128942129773,288.10088431595875,287.3173476999316,287.45466521693083,0.015397685862524213,-0.01213050587921316,0.030017226486393156,-0.01213050587921316,0.11064111374150798,0.07450796395966108,0.2438393545929216,0.030017226486393156,-0.08661092380356195,0.016208752772854496,0.015397685862524213,-0.07,0.0,-0.07,-0.08661092380356195,0.2438393545929216
95,1975,287.8057443815685,287.83794357605746,287.44599776143707,287.17446400579263,288.0878628285069,287.3944070040119,287.4842112941575,0.0008984574992041416,-0.002876217319510488,-0.009439311214066493,-0.002876217319510488,0.10842803816206015,0.017786154441921553,0.2308178671410701,-0.009439311214066493,-0.009551619723254134,0.04575482999950964,0.0008984574992041416,-0.01,0.02,-0.01,-0.009551619723254134,0.2308178671410701
96,1976,287.85703380399866,287.8496260723892,287.39319861360224,287.13581056952773,288.1317044700815,287.40395505157755,287.4663941867545,0.02681198791560746,-0.01815081178546052,-0.03704329422498631,-0.01815081178546052,0.12011053449379006,-0.035012993392911085,0.274659508715672,-0.03704329422498631,-3.5721575954994478e-06,0.027937722596504955,0.02681198791560746,-0.12,0.0,-0.12,-3.5721575954994478e-06,0.274659508715672
97,1977,287.914893793436,287.88253286222607,287.42762158587016,287.17605581977006,288.1351496367504,287.33674127422444,287.44688933827894,0.03577306247507295,0.036301822910843384,0.0484642445869099,0.036301822910843384,0.15301732433067627,-0.0005900211249922904,0.2781046753845544,0.0484642445869099,-0.06721734951071312,0.008432874120956058,0.03577306247507295,0.15,0.04,0.15,-0.06721734951071312,0.2781046753845544
98,1978,287.9208906687769,287.85927422463885,287.46135653614994,287.1845512032043,288.1372031355544,287.3734823251868,287.4545815304115,-0.00918688299623227,-0.01689590585294809,0.027431357863918038,-0.01689590585294809,0.12975868674345747,0.03314492915478695,0.28015817418855704,0.027431357863918038,-0.030476298548364866,0.01612506625349397,-0.00918688299623227,0.05,0.08,0.05,-0.030476298548364866,0.28015817418855704
99,1979,287.9539145087266,287.8930251313592,287.48683823308977,287.0962194042488,288.1970056450042,287.38594695070685,287.4705153780541,0.02330887965774764,-0.010491449600749547,0.05054648459497457,-0.010491449600749547,0.16350959346380023,0.05862662609462177,0.33996068363836685,0.05054648459497457,-0.018011673028297537,0.032058913896094055,0.02330887965774764,0.12,0.16,0.12,-0.018011673028297537,0.33996068363836685
100,1980,287.9797540687933,287.9618092954689,287.4838374062642,287.0784533176821,288.1588549382549,287.34223425143244,287.43767866590173,0.08602288480852849,0.0011351545945217367,0.046179478590545386,0.0011351545945217367,0.23229375757352955,0.055625799269023446,0.30180997688904654,0.046179478590545386,-0.06172437230270589,-0.0007777982562515717,0.08602288480852849,0.23,0.15,0.23,-0.06172437230270589,0.30180997688904654
101,1981,288.03741136595806,287.92500516364805,287.5321985522079,287.04031644661535,288.19938645929335,287.3755428811816,287.4771139135442,0.049371853671118515,0.0016108177009641622,0.014524877884753096,0.0016108177009641622,0.19548962575265705,0.1039869452127391,0.3423414979275208,0.014524877884753096,-0.028415742553534074,0.03865744938622129,0.049371853671118515,0.28,0.2,0.28,-0.028415742553534074,0.3423414979275208
102,1982,287.91378087603795,287.9028568082907,287.3984540717628,287.1061121259925,288.22148714012275,287.3603523628648,287.53175474008253,0.09702160029598872,-0.008108873676064832,-0.05309654365771621,-0.008108873676064832,0.17334127039532632,-0.029757535232363352,0.3644421787569172,-0.05309654365771621,-0.043606260870376445,0.09329827592455331,0.09702160029598872,0.09,0.2,0.09,-0.043606260870376445,0.3644421787569172
103,1983,287.76044898171904,288.0055374956097,287.15031036785894,287.10358158860276,288.2277914876152,287.3086780119199,287.516920337634,0.0862015534813736,0.018804505398520632,-0.26154182754197564,0.018804505398520632,0.27602195771430615,-0.277901239136213,0.370746526249377,-0.26154182754197564,-0.09528061181526937,0.07846387347603923,0.0862015534813736,0.27,0.17,0.27,-0.09528061181526937,0.370746526249377
104,1984,287.8528529073265,288.0039893313763,287.25974104199383,287.0422139913211,288.22759942023424,287.278379357683,287.49358992846453,0.055038432332310094,0.0406253572894002,-0.19210667516261992,0.0406253572894002,0.27447379348092227,-0.1684705650013143,0.370554458868412,-0.19210667516261992,-0.12557926605217062,0.055133464306550195,0.055038432332310094,0.12,0.14,0.12,-0.12557926605217062,0.370554458868412
105,1985,287.92596157188666,288.0179084326132,287.35297993820967,287.08110429990904,288.2743106309622,287.3063044661048,287.51393268957656,0.06639130895695189,0.03625908944314915,-0.08688511049979297,0.03625908944314915,0.28839289471778784,-0.07523166878547727,0.417265669596361,-0.08688511049979297,-0.0976541576303589,0.07547622541858345,0.06639130895695189,0.08,0.18,0.08,-0.0976541576303589,0.417265669596361
106,1986,287.9478664093322,287.9938694490028,287.3511548887164,287.0540730590503,288.28644206750926,287.3429855440105,287.49234846945666,0.041215840247389224,0.0005770600678829396,-0.025059486397537967,0.0005770600678829396,0.2643539111073778,-0.07705671827875449,0.4293971061434263,-0.025059486397537967,-0.06097307972464705,0.053892005298678214,0.041215840247389224,0.14,0.19,0.14,-0.06097307972464705,0.4293971061434263
107,1987,288.01545710087413,288.02521812986566,287.436340831839,287.0485672637875,288.2810081867996,287.31077621032074,287.46361933997923,0.04723464644990827,0.02851588620973189,-0.015499853477365377,0.02851588620973189,0.2957025919702687,0.008129224843855809,0.42396322543379483,-0.015499853477365377,-0.0931824134144108,0.025162875821251873,0.04723464644990827,0.28,0.22,0.28,-0.0931824134144108,0.42396322543379483
108,1988,288.03894102082126,288.0808101794476,287.45117440187994,287.03678467678554,288.36421188683477,287.37446291837824,287.4120590028519,0.08286293716264481,0.043438969225348956,0.005195229495313924,0.043438969225348956,0.3512946415522151,0.022962794884790583,0.5071669254689368,0.005195229495313924,-0.02949570535690782,-0.026397461306089554,0.08286293716264481,0.35,0.28,0.35,-0.02949570535690782,0.5071669254689368
109,1989,288.0669952328172,288.05282445902304,287.4662809062165,287.0401334317883,288.33253471610647,287.3807976683853,287.4268093898848,0.03849105539023867,0.01308955637841791,0.02253025004722531,0.01308955637841791,0.32330892112764786,0.038069299221376696,0.4754897547406358,0.02253025004722531,-0.02316095534985152,-0.011647074273184899,0.03849105539023867,0.24,0.33,0.24,-0.02316095534985152,0.4754897547406358
110,1990,288.12226976030524,288.09172481029793,287.4838403688353,287.0800020019718,288.3678059759824,287.3565907167712,287.4593996932068,0.038786945662479866,0.007242901410620561,0.07384209109295625,0.007242901410620561,0.36220927240253786,0.05562876184012566,0.5107610146165484,0.07384209109295625,-0.04736790696392745,0.020943229048839385,0.038786945662479866,0.39,0.31,0.39,-0.04736790696392745,0.5107610146165484
111,1991,288.0769098676995,288.0947402306738,287.39028921825167,287.04458672084616,288.35091825404527,287.3512718347393,287.3974775008509,0.06239038081673698,-0.017008943178325353,-0.024097040826404736,-0.017008943178325353,0.36522469277838354,-0.03792238874348186,0.4938732926794387,-0.024097040826404736,-0.05268678899585666,-0.04097896330705453,0.06239038081673698,0.38,0.28,0.38,-0.05268678899585666,0.4938732926794387
112,1992,287.7915752556712,288.08903137171984,287.0786196629225,287.0618975057138,288.4028483948772,287.3898664992138,287.471027384196,0.0929825990392601,0.02836068186917373,-0.33651720398819407,0.02836068186917373,0.35951583382444596,-0.3495919440726425,0.5458034335113666,-0.33651720398819407,-0.014092124521368987,0.032570920038040185,0.0929825990392601,0.19,0.29,0.19,-0.014092124521368987,0.5458034335113666
113,1993,287.86287755409353,288.0914101863029,287.1747869902713,287.0209759430691,288.4312141905888,287.3591419178296,287.4690341620557,0.08047459143307378,0.02690319952171194,-0.2644320401747109,0.02690319952171194,0.3618946484074854,-0.2534246167238621,0.5741692292229459,-0.2644320401747109,-0.04481670590553222,0.030577697897740563,0.08047459143307378,0.21,0.3,0.21,-0.04481670590553222,0.5741692292229459
114,1994,287.95784324429144,288.0829351394346,287.27852321903464,287.00511303763926,288.4630437493614,287.34593193861673,287.41139920872894,0.09652156020848679,0.0049633832661584165,-0.15219655187587477,0.0049633832661584165,0.35341960153920127,-0.14968838796050932,0.6059987879955884,-0.15219655187587477,-0.05802668511842057,-0.02705725542904247,0.09652156020848679,0.28,0.29,0.28,-0.05802668511842057,0.6059987879955884
115,1995,288.0853994821028,288.1275674813478,287.3893096956949,287.0459702951172,288.4576171773112,287.3463444115511,287.430900220726,0.09045276597441898,0.008090991285371274,-0.03641549017771695,0.008090991285371274,0.39805194345240125,-0.03890191130022913,0.6005722159453626,-0.03641549017771695,-0.05761421218403484,-0.007556243431963594,0.09045276597441898,0.43,0.34,0.43,-0.05761421218403484,0.6005722159453626
116,1996,288.1046463618257,288.14281079384017,287.4243758313002,287.01426867304247,288.4376287711864,287.3615975943165,287.4973616397525,0.11442688104705212,0.04838792529568536,0.04278931762763705,0.04838792529568536,0.41329525594477445,-0.003835775694938093,0.5805838098205527,0.04278931762763705,-0.04236102941865738,0.05890517559453201,0.11442688104705212,0.32,0.42,0.32,-0.04236102941865738,0.5805838098205527
117,1997,288.1378815977101,288.1523326493382,287.46598203908275,287.0244169147885,288.47113172757827,287.3397591779817,287.38272855283583,0.03938118803540647,-0.01039364733298953,0.06455816933043934,-0.01039364733298953,0.42281711144278233,0.03777043208759778,0.6140867662124379,0.06455816933043934,-0.06419944575344516,-0.05572791132215116,0.03938118803540647,0.45,0.44,0.45,-0.06419944575344516,0.6140867662124379
118,1998,288.2309681987798,288.192006820022,287.4670124289218,287.01472987833324,288.479026310656,287.3184323840359,287.37316011427095,0.050163150655805566,0.03311962785420519,0.09925757819200953,0.03311962785420519,0.4624912821266207,0.03880082192665668,0.6219813492901949,0.09925757819200953,-0.08552623969927708,-0.06529634988703492,0.050163150655805566,0.61,0.44,0.61,-0.08552623969927708,0.6219813492901949
119,1999,288.268828137302,288.2061296614862,287.51573081439426,287.038314324015,288.46866192910886,287.30401342080916,287.43021996653647,0.06889439764876215,0.043728636391108466,0.0944226922961775,0.043728636391108466,0.4766141235908208,0.08751920739911156,0.6116169677430321,0.0944226922961775,-0.09994520292599418,-0.008236497621510352,0.06889439764876215,0.4,0.48,0.4,-0.09994520292599418,0.6116169677430321
120,2000,288.3089779983577,288.18326385787526,287.5169631357626,287.0232933691486,288.50979354863523,287.3329341107974,287.4377206873005,0.02580193060282454,0.012005237417497483,0.06883036972550372,0.012005237417497483,0.45374831997986576,0.08875152876743186,0.6527485872694001,0.06883036972550372,-0.07102451293775403,-0.0007357768574820511,0.02580193060282454,0.4,0.51,0.4,-0.07102451293775403,0.6527485872694001
121,2001,288.32092890543305,288.18423874448524,287.52661356625106,286.9687541342172,288.5523419756395,287.3236659426642,287.38957644034326,0.037907565010584676,0.013377879582719743,0.0703768708261805,0.013377879582719743,0.454723206589847,0.09840195925590933,0.695297014273649,0.0703768708261805,-0.08029268107094367,-0.04888002381471779,0.037907565010584676,0.52,0.51,0.52,-0.08029268107094367,0.695297014273649
122,2002,288.335253875151,288.21867306789983,287.5453742849978,287.0226959566276,288.59475897524,287.3618506674581,287.39983403685005,0.06520358800656822,0.017998688036072963,0.07563557230275819,0.017998688036072963,0.48915753000443374,0.11716267800267133,0.7377140138741538,0.07563557230275819,-0.04210795627705011,-0.038622427307927865,0.06520358800656822,0.61,0.53,0.61,-0.04210795627705011,0.7377140138741538
123,2003,288.34828533687136,288.2597676757616,287.5342293697285,287.0335477104798,288.59502593337027,287.34598963250784,287.46069819213363,0.023290218368401838,0.020776375686921256,0.0864224484640772,0.020776375686921256,0.5302521378662277,0.10601776273335872,0.7379809720044364,0.0864224484640772,-0.05796899122731247,0.022241727975654157,0.023290218368401838,0.6,0.58,0.6,-0.05796899122731247,0.7379809720044364
124,2004,288.38287909582374,288.2694791751525,287.5597676951907,287.02087160857553,288.6154458262933,287.32062874073506,287.41963937826665,0.020051843856833784,0.03223824156106048,0.10520755398334813,0.03223824156106048,0.5399636372571308,0.1315560881955662,0.7584008649274665,0.10520755398334813,-0.08332988300008992,-0.018817085891328134,0.020051843856833784,0.51,0.59,0.51,-0.08332988300008992,0.7584008649274665
125,2005,288.3637567487489,288.3035028462931,287.604924918677,287.0003263445484,288.65202802762695,287.3426531092892,287.38336917912005,0.05756342351304511,-0.005985897454422684,0.1089462013065372,-0.005985897454422684,0.5739873083977045,0.17671331168185134,0.7949830662611248,0.1089462013065372,-0.06130551444596222,-0.05508728503792781,0.05756342351304511,0.65,0.59,0.65,-0.06130551444596222,0.7949830662611248
